SALE TYPE,SOLD DATE,PROPERTY TYPE,ADDRESS,CITY,STATE OR PROVINCE,ZIP OR POSTAL CODE,PRICE,BEDS,BATHS,LOCATION,SQUARE FEET,LOT SIZE,YEAR BUILT,DAYS ON MARKET,$/SQUARE FEET,HOA/MONTH,STATUS,NEXT OPEN HOUSE START TIME,NEXT OPEN HOUSE END TIME,URL (SEE https://www.redfin.com/buy-a-home/comparative-market-analysis FOR INFO ON PRICING),SOURCE,MLS#,FAVORITE,INTERESTED,LATITUDE,LONGITUDE
"In accordance with local MLS rules, some MLS listings are not included in the download"
MLS Listing,,Townhouse,1909 Poplar Bud Way,Henrico,VA,23238,415000,3,2.5,Townes At Ridgefield,1972,1759,2016,1,210,275,Active,,,https://www.redfin.com/VA/Henrico/1909-Poplar-Bud-Way-23238/home/101097431,CVRMLS,2605644,N,Y,37.6221554,-77.6364286
MLS Listing,,Townhouse,10 E Cary St,Richmond,VA,23219,779900,3,4.0,Richmond,3033,,2026,1,257,200,Active,,,https://www.redfin.com/VA/Richmond/10-E-Cary-St-23219/home/200798033,CVRMLS,2605198,N,Y,37.5420529,-77.4446134
MLS Listing,,Townhouse,2819 Murano Way,Glen Allen,VA,23059,465000,3,2.5,The Villas At Hunton Park,2258,2286,2008,1,206,310,Active,,,https://www.redfin.com/VA/Glen-Allen/2819-Murano-Way-23059/home/59608418,CVRMLS,2604915,N,Y,37.6836774,-77.5342527
MLS Listing,,Condo/Co-op,5100 Monument Ave #1115,Richmond,VA,23230,304950,2,1.0,5100 Monument,1265,871,1961,1,241,1006,Active,,,https://www.redfin.com/VA/Richmond/5100-Monument-Ave-23230/unit-1115/home/59673039,CVRMLS,2604648,N,Y,37.5790181,-77.5005798
MLS Listing,,Townhouse,706 Southwark Ln,Henrico,VA,23229,949950,3,2.5,Grayson Hill,3186,4922,2013,1,298,520,Active,March-12-2026 03:00 PM,March-12-2026 05:00 PM,https://www.redfin.com/VA/Henrico/706-Southwark-Ln-23229/home/59610624,CVRMLS,2603646,N,Y,37.5927373,-77.5953769
MLS Listing,,Condo/Co-op,12005 Kershaw Ct,Glen Allen,VA,23059,552000,3,2.5,Kelston Green At Wyndham,2047,,1994,2,270,420,Active,,,https://www.redfin.com/VA/Glen-Allen/12005-Kershaw-Ct-23059/home/59612436,CVRMLS,2603567,N,Y,37.7053759,-77.6102586
MLS Listing,,Townhouse,410 Adamson St,Henrico,VA,23075,159900,3,1.5,Fairlawn Townhouses,1032,1306,1974,2,155,9,Active,,,https://www.redfin.com/VA/Henrico/410-Adamson-St-23075/home/59685571,CVRMLS,2605575,N,Y,37.5345764,-77.3098377
MLS Listing,,Condo/Co-op,2814 Murano Way,Glen Allen,VA,23059,499000,3,3.0,The Villas At Hunton Park,3048,2922,2008,3,164,310,Active,March-15-2026 02:00 PM,March-15-2026 04:00 PM,https://www.redfin.com/VA/Glen-Allen/2814-Murano-Way-23059/home/59608410,CVRMLS,2604332,N,Y,37.6835719,-77.533888
MLS Listing,,Townhouse,3606 Meadowdale Blvd,North Chesterfield,VA,23234,219900,3,1.5,Meadowdale Th Pk,1026,1655,1973,3,214,113,Active,,,https://www.redfin.com/VA/North-Chesterfield/3606-Meadowdale-Blvd-23234/home/59563451,CVRMLS,2605449,N,Y,37.4384008,-77.4603959
MLS Listing,,Townhouse,1900 Mountain Gate Pl,Glen Allen,VA,23060,335000,3,2.5,Mountain Road Townes,1458,2604,2005,3,230,165,Active,,,https://www.redfin.com/VA/Glen-Allen/1900-Mountain-Gate-Pl-23060/home/59601235,CVRMLS,2605426,N,Y,37.6621817,-77.4849525
MLS Listing,,Townhouse,1136 Canterbury Ridge Rd,Richmond,VA,23224,299900,3,2.5,Richmond,1220,3267,2024,3,246,90,Active,,,https://www.redfin.com/VA/Richmond/1136-Canterbury-Ridge-RD-23225/home/190609306,CVRMLS,2605104,N,Y,37.494021,-77.493538
MLS Listing,,Condo/Co-op,4413 Greybull Dr Unit A,Henrico,VA,23233,439000,2,2.5,Gateway Square,1573,,2022,3,279,225,Active,,,https://www.redfin.com/VA/Henrico/4413-Greybull-Dr-23233/unit-A/home/183547715,CVRMLS,2605356,N,Y,37.6609208,-77.6457088
MLS Listing,,Condo/Co-op,8118 Wistar Creek Walk Unit B,Henrico,VA,23228,395000,3,2.5,Wistar Glen,2452,453346,2021,3,161,275,Active,,,https://www.redfin.com/VA/Henrico/8118-Wistar-Creek-Walk-23228/unit-B/home/173992036,CVRMLS,2605023,N,Y,37.6212768,-77.5181774
MLS Listing,,Townhouse,2037 Tobacco Mill St,Richmond,VA,23235,435000,3,3.0,BELLE HEIGHTS,1772,2082,2021,3,245,111,Pre On-Market,,,https://www.redfin.com/VA/Richmond/2037-Tobacco-Mill-St-23225/home/200783430,BRIGHT MLS,VARC2000850,N,Y,37.521021,-77.4536861
MLS Listing,,Condo/Co-op,4820 Old Main St #105,Henrico,VA,23231,410000,1,1.5,Village Of Rocketts Landing,1441,1441,2007,3,285,587,Active,,,https://www.redfin.com/VA/Henrico/4820-Old-Main-St-23231/unit-105/home/59607003,CVRMLS,2605413,N,Y,37.5169068,-77.4154175
MLS Listing,,Condo/Co-op,1020 Porter St #203,Richmond,VA,23224,214900,1,1.0,Richmond,598,,2013,3,359,385,Active,,,https://www.redfin.com/VA/Richmond/1020-Porter-St-23224/unit-203/home/200781977,CVRMLS,2605487,N,Y,37.5231337,-77.4447448
MLS Listing,,Condo/Co-op,110 W Marshall St Unit U25,Richmond,VA,23220,275000,1,1.0,Richmond,867,871,1915,3,317,360,Active,,,https://www.redfin.com/VA/Richmond/110-W-Marshall-St-23220/unit-U25/home/55392222,CVRMLS,2605469,N,Y,37.5473098,-77.4422498
MLS Listing,,Condo/Co-op,3820 Wellesley Terrace Cir,Henrico,VA,23233,599950,4,2.5,Park Terrace At Wellesley,2192,241004,1994,3,274,673,Active,,,https://www.redfin.com/VA/Henrico/3820-Wellesley-Terrace-Cir-23233/home/59625237,CVRMLS,2603793,N,Y,37.6472781,-77.6258346
MLS Listing,,Townhouse,4164 Park Trail Dr Unit T-3,Henrico,VA,23223,349003,3,2.5,Reserve at Springdale Park,1606,,2025,3,217,300,Active,,,https://www.redfin.com/VA/Henrico/4164-Park-Trail-DR-23223/unit-T-3/home/199546534,CVRMLS,2605445,N,Y,37.581658,-77.395654
MLS Listing,,Townhouse,4184 Park Trail Dr Unit U-3,Henrico,VA,23223,336873,3,2.5,Reserve at Springdale Park,1606,,2025,3,210,300,Active,,,https://www.redfin.com/VA/Henrico/4184-Park-Trail-DR-23223/unit-U-3/home/196315157,CVRMLS,2605442,N,Y,37.582154,-77.395366
MLS Listing,,Condo/Co-op,12406 Carnoustie Ln Unit B,Richmond,VA,23236,510000,2,2.0,Fairways Villas,1948,,2002,4,262,265,Active,,,https://www.redfin.com/VA/Richmond/12406-Carnoustie-Ln-23236/unit-B/home/192190431,CVRMLS,2604911,N,Y,37.5000732,-77.6280261
MLS Listing,,Condo/Co-op,101 W Marshall St Unit U12,Richmond,VA,23220,257500,1,1.0,Richmond,1007,1006,1925,4,256,556,Active,,,https://www.redfin.com/VA/Richmond/101-W-Marshall-St-23220/unit-U12/home/55390947,CVRMLS,2604605,N,Y,37.547096,-77.4423858
MLS Listing,,Condo/Co-op,2618 Lassen Walk Unit A,Henrico,VA,23294,343500,2,2.5,West Broad Landing,1523,272642,2020,4,226,195,Active,,,https://www.redfin.com/VA/Henrico/2618-Lassen-Walk-23294/unit-A/home/172757909,CVRMLS,2605100,N,Y,37.613892,-77.524701
MLS Listing,,Condo/Co-op,2620 Lassen Walk Unit A,Henrico,VA,23294,343500,2,2.5,West Broad Landing,1523,272642,2020,4,226,195,Active,,,https://www.redfin.com/VA/Henrico/2620-Lassen-Walk-23294/unit-A/home/172760886,CVRMLS,2605115,N,Y,37.6138322,-77.5247563
MLS Listing,,Townhouse,2128 Grand Reserve Way Unit N-3,Henrico,VA,23223,314965,3,2.5,Reserve at Springdale Park,1525,,2025,4,207,249,Active,,,https://www.redfin.com/VA/Henrico/2128-Grand-Reserve-WAY-23223/unit-N-3/home/196336933,CVRMLS,2605374,N,Y,37.582701,-77.395898
MLS Listing,,Condo/Co-op,3518 E Richmond Rd Unit U12,Richmond,VA,23223,125000,2,1.0,Villas Of Oakwood South,760,740,1966,4,164,121,Active,,,https://www.redfin.com/VA/Richmond/3518-E-Richmond-Rd-23223/unit-U12/home/55390211,CVRMLS,2604625,N,Y,37.5320671,-77.3951829
MLS Listing,,Condo/Co-op,230 N 6th St Unit U318,Richmond,VA,23219,345000,1,2.0,Miller & Rhoads Condo,1009,1010,1925,4,342,271,Active,,,https://www.redfin.com/VA/Richmond/230-N-6th-St-23219/unit-U318/home/55392525,CVRMLS,2604893,N,Y,37.5421639,-77.4369626
MLS Listing,,Condo/Co-op,2511 E Broad St Unit U6,Richmond,VA,23223,325000,1,1.0,Belfry Condominiums,1026,1028,1850,4,317,309,Active,,,https://www.redfin.com/VA/Richmond/2511-E-Broad-St-23223/unit-U6/home/55409025,CVRMLS,2605237,N,Y,37.5310292,-77.4183943
MLS Listing,,Townhouse,12105 Morning Walk,Henrico,VA,23233,545520,4,3.5,Shire Walk,2105,,2025,4,259,190,Active,,,https://www.redfin.com/VA/Henrico/12105-Morning-Walk-23233/home/195778383,CVRMLS,2605323,N,Y,37.6315778,-77.6122839
MLS Listing,,Townhouse,3429 Pond Aly,Richmond,VA,23234,316945,3,2.5,Kinwick,1336,,2026,4,237,147,Active,March-14-2026 12:00 PM,March-14-2026 04:00 PM,https://www.redfin.com/VA/Richmond/3429-Jessup-Pond-Ln-23234/home/195923797,CVRMLS,2605111,N,Y,37.4413039,-77.5023785
MLS Listing,,Condo/Co-op,3518 E Richmond Rd Unit U3,Richmond,VA,23223,125000,2,1.0,Villas Of Oakwood South,760,740,1966,5,164,121,Active,,,https://www.redfin.com/VA/Richmond/3518-E-Richmond-Rd-23223/unit-U3/home/55390204,CVRMLS,2604638,N,Y,37.5320671,-77.3951829
MLS Listing,,Condo/Co-op,3510 E Richmond Rd Unit U14,Richmond,VA,23223,125000,2,1.0,Villas Of Oakwood South,822,740,1966,5,152,122,Active,,,https://www.redfin.com/VA/Richmond/3510-E-Richmond-Rd-23223/unit-U14/home/55390162,CVRMLS,2604635,N,Y,37.5323019,-77.3946959
MLS Listing,,Condo/Co-op,3530 E Richmond Rd Unit U11,Richmond,VA,23223,125000,3,1.0,Villas Of Oakwood South,692,692,1966,5,181,121,Active,,,https://www.redfin.com/VA/Richmond/3530-E-Richmond-Rd-23223/unit-U11/home/112982905,CVRMLS,2604616,N,Y,37.5313935,-77.3956901
MLS Listing,,Condo/Co-op,3530 E Richmond Rd Unit U15,Richmond,VA,23223,125000,3,1.0,Villas Of Oakwood South,692,692,1966,5,181,121,Active,,,https://www.redfin.com/VA/Richmond/3530-E-Richmond-Rd-23223/unit-U15/home/112982799,CVRMLS,2604611,N,Y,37.5313935,-77.3956901
MLS Listing,,Condo/Co-op,426 Broad Hill Trl,Henrico,VA,23233,589900,3,3.0,Saunders Station At Broad Hill Centre,2512,6534,2020,5,235,235,Active,,,https://www.redfin.com/VA/Henrico/426-Broad-Hill-Trl-23233/home/175016871,CVRMLS,2604796,N,Y,37.667426,-77.6434442
MLS Listing,,Condo/Co-op,3510 E Richmond Rd Unit U6,Richmond,VA,23223,125000,2,1.0,Villas Of Oakwood South,822,740,1966,5,152,121,Active,,,https://www.redfin.com/VA/Richmond/3510-E-Richmond-Rd-23223/unit-U6/home/55390154,CVRMLS,2604628,N,Y,37.5323019,-77.3946959
MLS Listing,,Townhouse,2151 Binford Ln,Richmond,VA,23223,249999,3,1.5,Montezuma Village,1007,1672,1977,5,248,60,Active,,,https://www.redfin.com/VA/Richmond/2151-Binford-Ln-23223/home/59677598,CVRMLS,2605080,N,Y,37.5589165,-77.3957167
MLS Listing,,Condo/Co-op,321 N 2nd St Unit B,Richmond,VA,23219,225000,2,1.0,Two Street Condo,700,5453,1910,5,321,250,Active,,,https://www.redfin.com/VA/Richmond/321-N-2nd-St-23219/unit-B/home/195019937,CVRMLS,2604547,N,Y,37.545143,-77.4393826
MLS Listing,,Townhouse,1989 Airy Cir Cir,Henrico,VA,23238,315000,3,2.5,Knollingwood,1340,1698,1987,6,235,243,Active,,,https://www.redfin.com/VA/Henrico/1989-Airy-Cir-23238/home/59648913,CVRMLS,2604426,N,Y,37.6160396,-77.6290124
MLS Listing,,Condo/Co-op,1205 E Main St Unit U4R-W,Richmond,VA,23219,309000,2,1.5,Gotham Condominiums,1061,1481,1870,6,291,700,Active,,,https://www.redfin.com/VA/Richmond/1205-E-Main-St-23219/unit-U4R-W/home/55388343,CVRMLS,2602876,N,Y,37.5364553,-77.4336894
MLS Listing,,Condo/Co-op,6001 Dominion Fairways Pl,Glen Allen,VA,23059,589950,3,2.0,Fairways At Wyndham,1890,,1993,6,312,400,Active,,,https://www.redfin.com/VA/Glen-Allen/6001-Dominion-Fairways-Pl-23059/home/200659690,CVRMLS,2604378,N,Y,37.7003675,-77.6016521
MLS Listing,,Condo/Co-op,5621 Cary Street Rd Unit U502,Richmond,VA,23226,695000,2,2.5,Tuckahoe Condominiums,1787,74622,1927,6,389,1021,Active,,,https://www.redfin.com/VA/Richmond/5621-Cary-Street-Rd-23226/unit-U502/home/55451848,CVRMLS,2604642,N,Y,37.568669,-77.522812
MLS Listing,,Townhouse,7016 Hawser Ln,North Chesterfield,VA,23234,372999,3,2.5,Watermark,1734,3049,2016,6,215,205,Active,,,https://www.redfin.com/VA/North-Chesterfield/7016-Hawser-Ln-23234/home/101394960,CVRMLS,2604957,N,Y,37.4191166,-77.5069205
MLS Listing,,Condo/Co-op,3610 Daisy Field Walk Unit A,Richmond,VA,23233,416740,3,2.5,Gayton Village,1573,,2026,6,265,215,Active,March-14-2026 10:00 AM,March-14-2026 04:00 PM,https://www.redfin.com/VA/Richmond/3610-Daisy-Field-WALK-Unknown/unit-A/home/200727548,CVRMLS,2605062,N,Y,37.649698,-77.63711
MLS Listing,,Townhouse,12342 Purbrook Walk,Henrico,VA,23233,925000,3,3.5,Greengate,3033,2452,2022,6,305,210,Active,,,https://www.redfin.com/VA/Henrico/12342-Purbrook-Walk-23233/home/167794649,CVRMLS,2603951,N,Y,37.6580222,-77.6413653
MLS Listing,,Condo/Co-op,3618 Daisy Field Walk Unit A,Richmond,VA,23233,440090,2,2.5,Gayton Village,1573,,2026,6,280,215,Active,March-14-2026 10:00 AM,March-14-2026 04:00 PM,https://www.redfin.com/VA/Richmond/311-W-Broad-St-23220/unit-A/home/200726751,CVRMLS,2605040,N,Y,37.5471474,-77.4451539
MLS Listing,,Condo/Co-op,1101 Haxall Pt Unit U615,Richmond,VA,23219,479900,2,2.0,Riverside On The James,1243,1241,2005,7,386,660,Active,,,https://www.redfin.com/VA/Richmond/1101-Haxall-Pt-23219/unit-U615/home/195020024,CVRMLS,2604509,N,Y,37.533405,-77.43801
MLS Listing,,Townhouse,4605 Edmund Ct,Glen Allen,VA,23059,674950,3,3.5,Avington,3144,5048,2010,7,215,275,Active,,,https://www.redfin.com/VA/Glen-Allen/4605-Edmund-Ct-23059/home/59606487,CVRMLS,2602356,N,Y,37.6587768,-77.609782
MLS Listing,,Condo/Co-op,1459 Floyd Ave #307,Richmond,VA,23220,525000,2,2.5,Warsaw Condominiums,1405,19331,1832,7,374,890,Active,,,https://www.redfin.com/VA/Richmond/1459-Floyd-Ave-23220/unit-307/home/59874058,CVRMLS,2604174,N,Y,37.5477064,-77.4586776
MLS Listing,,Condo/Co-op,3614 Daisy Field Walk Unit B,Richmond,VA,23233,465835,3,2.5,Gayton Village,2451,,2026,7,190,215,Active,March-14-2026 10:00 AM,March-14-2026 04:00 PM,https://www.redfin.com/VA/Richmond/3614-Daisy-Field-WALK-23233/unit-B/home/200721550,CVRMLS,2604989,N,Y,37.660159,-77.63518
MLS Listing,,Condo/Co-op,3612 Daisy Field Walk Unit B,Richmond,VA,23233,471330,3,2.5,Gayton Village,2451,,2026,7,192,215,Active,March-14-2026 10:00 AM,March-14-2026 04:00 PM,https://www.redfin.com/VA/Richmond/3612-Daisy-Field-WALK-23233/unit-B/home/200721549,CVRMLS,2604986,N,Y,37.660227,-77.634933
MLS Listing,,Condo/Co-op,3606 Daisy Field Walk Unit B,Richmond,VA,23233,467835,3,2.5,Gayton Village,2451,,2026,7,191,215,Active,March-14-2026 10:00 AM,March-14-2026 04:00 PM,https://www.redfin.com/VA/Richmond/3606-Daisy-Field-WALK-23233/unit-B/home/200721546,CVRMLS,2604974,N,Y,37.660244,-77.63503
MLS Listing,,Condo/Co-op,3610 Daisy Field Walk Unit B,Henrico,VA,23233,468335,3,2.5,Gayton Village,2451,,2026,7,191,215,Active,March-14-2026 10:00 AM,March-14-2026 04:00 PM,https://www.redfin.com/VA/Henrico/3610-Daisy-Field-WALK-23233/unit-B/home/200721544,CVRMLS,2604984,N,Y,37.660159,-77.634901
MLS Listing,,Condo/Co-op,3618 Daisy Field Walk Unit B,Richmond,VA,23233,498830,3,2.5,Gayton Village,2451,,2026,7,204,215,Active,March-14-2026 10:00 AM,March-14-2026 04:00 PM,https://www.redfin.com/VA/Richmond/3618-Daisy-Field-WALK-23233/unit-B/home/200721543,CVRMLS,2604993,N,Y,37.660227,-77.635019
MLS Listing,,Condo/Co-op,3600 Daisy Field Walk Unit B,Richmond,VA,23233,499325,3,2.5,Gayton Village,2451,,2026,7,204,215,Active,March-14-2026 10:00 AM,March-14-2026 04:00 PM,https://www.redfin.com/VA/Richmond/3600-Daisy-Field-WALK-23233/unit-B/home/200721542,CVRMLS,2604972,N,Y,37.660103,-77.635189
MLS Listing,,Townhouse,425 Burden Dr,Glen Allen,VA,23060,434140,3,2.5,Retreat at One,2174,,2026,7,200,75,Active,March-14-2026 10:00 AM,March-14-2026 04:00 PM,https://www.redfin.com/VA/Glen-Allen/425-Burden-DR-23060/home/200719667,CVRMLS,2604943,N,Y,37.66033172607422,-77.53309631347656
MLS Listing,,Townhouse,423 Burden Dr,Glen Allen,VA,23060,414695,4,3.5,Retreat at One,2174,,2026,7,191,75,Active,March-14-2026 10:00 AM,March-14-2026 04:00 PM,https://www.redfin.com/VA/Glen-Allen/423-Burden-DR-23060/home/200719597,CVRMLS,2604940,N,Y,37.643622,-77.455306
MLS Listing,,Townhouse,421 Burden Dr,Glen Allen,VA,23060,419190,4,3.5,Retreat at One,2174,,2026,7,193,75,Active,March-14-2026 10:00 AM,March-14-2026 04:00 PM,https://www.redfin.com/VA/Glen-Allen/421-Burden-DR-23060/home/200719538,CVRMLS,2604939,N,Y,37.643589,-77.455156
MLS Listing,,Townhouse,419 Burden Dr,Glen Allen,VA,23060,401645,3,3.0,Retreat at One,2174,,2026,7,185,75,Active,March-14-2026 10:00 AM,March-14-2026 04:00 PM,https://www.redfin.com/VA/Glen-Allen/419-Burden-DR-23060/home/200719466,CVRMLS,2604936,N,Y,37.643522,-77.4557
MLS Listing,,Townhouse,417 Burden Dr,Glen Allen,VA,23060,418540,4,3.5,Retreat at One,2174,,2026,7,193,75,Active,March-14-2026 10:00 AM,March-14-2026 04:00 PM,https://www.redfin.com/VA/Glen-Allen/417-Burden-DR-23060/home/200719282,CVRMLS,2604931,N,Y,37.643734,-77.455408
MLS Listing,,Townhouse,5268-C Old Main St #303,Henrico,VA,23231,589000,2,2.5,Richmond,1974,,2022,9,298,342,Active,,,https://www.redfin.com/VA/Henrico/5268-Old-Main-St-23231/unit-303/home/198123895,BRIGHT MLS,VAHN2001170,N,Y,37.5118244,-77.4156935
MLS Listing,,Condo/Co-op,2707 Acadia Dr Unit B,Henrico,VA,23294,399000,3,2.5,West Broad Landing,2501,586783,2023,10,160,215,Active,,,https://www.redfin.com/VA/Henrico/2707-Acadia-Dr-23294/unit-B/home/167166606,CVRMLS,2603358,N,Y,37.61541,-77.5252944
MLS Listing,,Townhouse,8120 Carriage Bend Ln,Henrico,VA,23294,499900,3,2.5,Westchase,2112,4068,2019,10,237,220,Active,,,https://www.redfin.com/VA/Henrico/8120-Carriage-Bend-Ln-23294/home/160833911,CVRMLS,2604651,N,Y,37.6338083,-77.5322795
MLS Listing,,Condo/Co-op,910 Tilden St Unit U1,Richmond,VA,23221,364950,2,2.0,Richmond,1100,1045,1926,10,332,400,Active,,,https://www.redfin.com/VA/Richmond/910-Tilden-St-23221/unit-U1/home/55391604,CVRMLS,2604626,N,Y,37.5649897,-77.4772829
MLS Listing,,Condo/Co-op,413 Stuart Cir Unit 3D,Richmond,VA,23220,467550,2,2.0,One Monument Avenue,1274,1271,1913,10,367,1125,Active,,,https://www.redfin.com/VA/Richmond/413-Stuart-Cir-23220/unit-3D/home/199417901,CVRMLS,2604522,N,Y,37.5520388,-77.457831
MLS Listing,,Townhouse,10912 Parkshire Ln,Henrico,VA,23233,460000,4,3.5,Shire Place,2176,1829,2016,11,211,300,Active,,,https://www.redfin.com/VA/Henrico/10912-Parkshire-Ln-23233/home/101396972,CVRMLS,2604512,N,Y,37.6308964,-77.6118565
MLS Listing,,Townhouse,6107 Primrose Path Rd,Richmond,VA,23224,382790,3,3.0,Creekside Run,1951,1350,2026,11,196,75,Active,,,https://www.redfin.com/VA/Richmond/6107-Primrose-Pl-23225/home/199306285,CVRMLS,2604649,N,Y,37.5163628,-77.5136452
MLS Listing,,Condo/Co-op,1350 Westwood Ave Unit U103,Richmond,VA,23227,634700,3,2.0,Ginter Place Condos,1923,1925,1954,11,330,809,Active,,,https://www.redfin.com/VA/Richmond/1350-Westwood-Ave-23227/unit-U103/home/55392110,CVRMLS,2604620,N,Y,37.579257,-77.4542418
MLS Listing,,Condo/Co-op,627 Hazeltine Ct,North Chesterfield,VA,23236,384950,2,2.5,Fairways Villas,1728,,2000,11,223,265,Active,,,https://www.redfin.com/VA/North-Chesterfield/627-Hazeltine-Ct-23236/home/59585768,CVRMLS,2604347,N,Y,37.5004176,-77.6282405
MLS Listing,,Townhouse,821 Pleasant St,Henrico,VA,23075,187500,2,1.5,Vivania Hall,1102,1376,1973,11,170,129,Active,,,https://www.redfin.com/VA/Henrico/821-Pleasant-St-23075/home/59682331,CVRMLS,2604473,N,Y,37.5410275,-77.3440404
MLS Listing,,Townhouse,3808 Tractor Barn Pl,Glen Allen,VA,23060,770000,4,4.5,West Broad Village,3438,1568,2009,12,224,310,Active,,,https://www.redfin.com/VA/Glen-Allen/3808-Tractor-Barn-Pl-23060/home/59608047,CVRMLS,2603371,N,Y,37.6459491,-77.6013921
MLS Listing,,Townhouse,7877 Old Guild Rd #7877,North Chesterfield,VA,23227,339000,3,2.5,Silverleaf,1710,,2021,12,198,194,Active,April-25-2026 12:00 PM,April-25-2026 03:00 PM,https://www.redfin.com/VA/North-Chesterfield/7877-Old-Guild-Rd-23237/home/172002909,CVRMLS,2602529,N,Y,37.4128347,-77.4563215
MLS Listing,,Townhouse,3004 Silverbush Ct,Henrico,VA,23228,279950,3,2.5,Lakeland Towns,1392,1659,1997,12,201,156,Active,,,https://www.redfin.com/VA/Henrico/3004-Silverbush-Ct-23228/home/59629258,CVRMLS,2600344,N,Y,37.6432442,-77.5115654
MLS Listing,,Townhouse,610 Lenten Rose Ln,Richmond,VA,23223,289000,3,2.5,The Townes At Oakleys Bluff,1292,2570,2018,12,224,149,Active,,,https://www.redfin.com/VA/Richmond/610-Lenten-Rose-Ln-23223/home/145290098,CVRMLS,2603842,N,Y,37.5384664,-77.3457579
MLS Listing,,Condo/Co-op,2507 Sandler Way,North Chesterfield,VA,23235,420000,2,2.5,Pocoshock Villas,1785,,2021,12,235,195,Active,,,https://www.redfin.com/VA/North-Chesterfield/2507-Sandler-Way-23235/home/59482132,CVRMLS,2604451,N,Y,37.4703189,-77.5342946
MLS Listing,,Condo/Co-op,9687 Turning Point Dr Unit B,Glen Allen,VA,23059,401835,3,2.5,Village at Virginia Center Commons,2345,,2026,12,171,233,Active,March-14-2026 10:00 AM,March-14-2026 04:00 PM,https://www.redfin.com/VA/Glen-Allen/5320-Wyndham-Forest-Dr-23059/unit-B/home/200553199,CVRMLS,2604533,N,Y,37.682944,-77.5871996
MLS Listing,,Townhouse,12043 Flowering Lavender Loop,Henrico,VA,23233,594950,4,3.5,Shire Walk,2547,,2025,12,234,190,Active,,,https://www.redfin.com/VA/Henrico/12043-Flowering-Lavender-Loop-23233/home/195778354,CVRMLS,2604521,N,Y,37.6318217,-77.6134819
MLS Listing,,Condo/Co-op,9689 Turning Point Dr Unit B,Glen Allen,VA,23059,400585,3,2.5,Village at Virginia Center Commons,2345,,2026,12,171,233,Active,March-14-2026 10:00 AM,March-14-2026 04:00 PM,https://www.redfin.com/VA/Glen-Allen/9689-Turning-Point-ST-Unknown/unit-B/home/200660118,CVRMLS,2604507,N,Y,37.675625,-77.454704
MLS Listing,,Condo/Co-op,9693 Turning Point Dr Unit A,Glen Allen,VA,23059,379090,2,2.5,Village at Virginia Center Commons,1573,,2026,12,241,233,Active,March-14-2026 12:00 AM,March-14-2026 04:00 PM,https://www.redfin.com/VA/Glen-Allen/5320-Wyndham-Forest-Dr-23059/unit-A/home/200353589,CVRMLS,2604503,N,Y,37.682944,-77.5871996
MLS Listing,,Condo/Co-op,4933 Little Henry Ln,Glen Allen,VA,23059,820948,2,2.5,Sweetspire,1944,,2026,12,422,225,Active,,,https://www.redfin.com/VA/Glen-Allen/4933-Little-Henry-Lane-GLN-23059/home/200399531,CVRMLS,2604474,N,Y,37.67189025878906,-77.62117767333984
MLS Listing,,Townhouse,914 Pale Moon Dr #914,Glen Allen,VA,23059,359000,3,2.5,Villages At The Crossings,1848,2178,2007,12,194,265,Active,,,https://www.redfin.com/VA/Glen-Allen/914-Pale-Moon-Dr-23059/unit-914/home/200655164,CVRMLS,2604221,N,Y,37.6712929,-77.4463207
MLS Listing,,Townhouse,4000 Grove Point Dr,Richmond,VA,23223,359000,3,3.0,Grove Point,1920,2983,2021,13,187,146,Active,,,https://www.redfin.com/VA/Richmond/4000-Grove-Point-Dr-23223/home/171371040,CVRMLS,2604253,N,Y,37.5818563,-77.3898259
MLS Listing,,Townhouse,9451 Alquist St,Glen Allen,VA,23059,431085,4,3.5,Village at Virginia Center Commons,1943,,2026,13,222,68,Active,March-14-2026 10:00 AM,March-14-2026 04:00 PM,https://www.redfin.com/VA/Glen-Allen/9451-Alquist-ST-23059/home/200624042,CVRMLS,2604410,N,Y,37.675472,-77.455122
MLS Listing,,Townhouse,9449 Alquist St,Glen Allen,VA,23059,449580,4,3.5,Village at Virginia Center Commons,1943,,2026,13,231,68,Active,March-14-2026 10:00 AM,March-14-2026 04:00 PM,https://www.redfin.com/VA/Glen-Allen/9449-Alquist-ST-23059/home/200623926,CVRMLS,2604407,N,Y,37.674262,-77.455909
MLS Listing,,Condo/Co-op,2104 Libbie Lake West St Unit B,Richmond,VA,23230,599950,2,2.5,Libbie Mill Townhomes,2275,2513,2017,13,264,334,Active,,,https://www.redfin.com/VA/Richmond/2104-Libbie-Lake-West-St-23230/unit-B/home/145289951,CVRMLS,2604394,N,Y,37.5903367,-77.4983783
MLS Listing,,Townhouse,9428 Alquist St,Glen Allen,VA,23059,404585,4,3.5,Village at Virginia Center Commons,1943,,2026,13,208,68,Active,March-14-2026 10:00 AM,March-14-2026 04:00 PM,https://www.redfin.com/VA/Glen-Allen/9428-Alquist-St-23059/home/195781573,CVRMLS,2604396,N,Y,37.67509841918945,-77.45800018310547
MLS Listing,,Townhouse,501 Old Lime Pl,Sandston,VA,23150,319990,3,2.0,Landmark,1280,,2025,13,250,135,Active,,,https://www.redfin.com/VA/Sandston/501-Old-Lime-PL-Unknown/home/200620174,CVRMLS,2604355,N,Y,37.513568,-77.281299
MLS Listing,,Condo/Co-op,12 Millstone Rd,Henrico,VA,23228,189000,2,1.5,ALL OTHERS AREA 150,1121,,1962,14,169,755,Active,,,https://www.redfin.com/VA/Henrico/12-Millstone-Rd-23228/home/59661577,REINMLS,10621201,N,Y,37.6044005,-77.4936676
MLS Listing,,Townhouse,11423 Hayloft Ln,Glen Allen,VA,23060,669000,3,3.5,SADLER CROSSING,2756,,2017,14,243,200,Active,,,https://www.redfin.com/VA/Glen-Allen/11423-Hayloft-Ln-23060/home/109490287,BRIGHT MLS,VAHN2001154,N,Y,37.6590048,-77.5890323
MLS Listing,,Townhouse,1128 Hyde Ln,Henrico,VA,23229,560000,3,3.0,Grayson Hill,1952,2931,2007,16,287,520,Active,,,https://www.redfin.com/VA/Henrico/1128-Hyde-Ln-23229/home/59605664,CVRMLS,2603588,N,Y,37.5937802,-77.5921414
MLS Listing,,Condo/Co-op,2956 Hathaway Rd Unit U410,Richmond,VA,23225,340000,2,2.0,Hathaway Tower Condominiums,1561,175011,1972,17,218,1366,Active,,,https://www.redfin.com/VA/Richmond/2956-Hathaway-Rd-23225/unit-U410/home/55396999,CVRMLS,2602994,N,Y,37.5399991,-77.5196177
MLS Listing,,Townhouse,7046 Rivermere Ln,Glen Allen,VA,23059,540000,3,2.5,River Mill,2518,3807,2023,17,214,125,Active,,,https://www.redfin.com/VA/Glen-Allen/7046-Rivermere-Ln-23059/home/185505408,CVRMLS,2603914,N,Y,37.6824394,-77.4731124
MLS Listing,,Condo/Co-op,1350 Westwood Ave Unit U302,Richmond,VA,23227,375000,2,2.0,Ginter Place Condos,1642,1642,1954,18,228,617,Active,,,https://www.redfin.com/VA/Richmond/1350-Westwood-Ave-23227/unit-U302/home/55392140,CVRMLS,2603998,N,Y,37.579257,-77.4542418
MLS Listing,,Condo/Co-op,12520 Donahue Rd,Glen Allen,VA,23059,850000,4,3.5,Dominion Park At Wyndham,3228,1010700,2022,18,263,190,Active,,,https://www.redfin.com/VA/Glen-Allen/12520-Donahue-Rd-23059/home/179056863,CVRMLS,2603978,N,Y,37.7059844,-77.6297216
MLS Listing,,Townhouse,2031 Turtle Pkwy,Sandston,VA,23150,325000,3,2.5,Landmark,1280,3053,2024,18,254,135,Active,,,https://www.redfin.com/VA/Sandston/2031-Turtle-Pkwy-23150/home/191438798,CVRMLS,2603838,N,Y,37.516648,-77.283939
MLS Listing,,Condo/Co-op,5309 Twisting Vine Ln #201,Glen Allen,VA,23059,390435,2,2.0,Twin Hickory,1367,,2026,18,286,291,Active,March-14-2026 12:00 PM,March-14-2026 04:00 PM,https://www.redfin.com/VA/Glen-Allen/5309-Twisting-Vine-Ln-23059/unit-201/home/196970136,CVRMLS,2603734,N,Y,37.663078,-77.610357
MLS Listing,,Townhouse,3235 Hunters Mill Dr,Richmond,VA,23223,224000,3,1.5,Hunters Mill Townhouses,1178,1515,1976,18,190,125,Active,,,https://www.redfin.com/VA/Richmond/3235-Hunters-Mill-Dr-23223/home/59677285,CVRMLS,2603963,N,Y,37.5684983,-77.3818487
MLS Listing,,Condo/Co-op,5309 Twisting Vine Ln #204,Glen Allen,VA,23059,338930,1,2.0,Twin Hickory,1227,,2026,18,276,291,Active,,,https://www.redfin.com/VA/Glen-Allen/5309-Twisting-Vine-Ln-23059/unit-204/home/196974706,CVRMLS,2603733,N,Y,37.663078,-77.610357
MLS Listing,,Condo/Co-op,5309 Twisting Vine Ln #104,Glen Allen,VA,23059,312100,1,1.5,Twin Hickory,1116,,2026,18,280,291,Active,March-14-2026 12:00 PM,March-14-2026 04:00 PM,https://www.redfin.com/VA/Glen-Allen/5309-Twisting-Vine-Ln-23059/unit-104/home/196962696,CVRMLS,2603728,N,Y,37.663078,-77.610357
MLS Listing,,Condo/Co-op,5309 Twisting Vine Ln #203,Glen Allen,VA,23059,331420,1,2.0,Twin Hickory,1227,,2026,18,270,291,Active,March-14-2026 12:00 PM,March-14-2026 04:00 PM,https://www.redfin.com/VA/Glen-Allen/5309-Twisting-Vine-Ln-23059/unit-203/home/196971467,CVRMLS,2603732,N,Y,37.663078,-77.610357
MLS Listing,,Townhouse,4855 Wild Horse Ln,Henrico,VA,23294,489000,3,2.5,Westchase,2112,4791,2020,18,232,220,Active,,,https://www.redfin.com/VA/Henrico/4855-Wild-Horse-Ln-23294/home/167807333,CVRMLS,2603814,N,Y,37.6346551,-77.5330225
MLS Listing,,Townhouse,9686 Turning Point Drive St Unit A,Glen Allen,VA,23059,339240,2,2.5,Village at Virginia Center Commons,1573,,2026,18,216,233,Active,March-14-2026 10:00 AM,March-14-2026 04:00 PM,https://www.redfin.com/VA/Glen-Allen/9686-Turning-Point-Drive-ST-23059/unit-A/home/200559648,CVRMLS,2603939,N,Y,37.675732375,-77.45482396
MLS Listing,,Townhouse,963 Taylor Green Dr,Sandston,VA,23150,319990,3,2.5,Taylor Green,1544,1977,2023,19,207,130,Active,,,https://www.redfin.com/VA/Sandston/963-Taylor-Green-Dr-23150/home/185539751,CVRMLS,2603209,N,Y,37.5175572,-77.2943775
MLS Listing,,Townhouse,2531 Perch Ln,Glen Allen,VA,23060,479950,4,3.5,West Broad Village,1870,439,2011,19,257,318,Active,,,https://www.redfin.com/VA/Glen-Allen/2531-Perch-Ln-23060/home/59610201,CVRMLS,2603458,N,Y,37.6480562,-77.6056337
MLS Listing,,Condo/Co-op,301 Virginia St Unit U1003,Richmond,VA,23219,299900,1,1.0,Vistas On The James,729,696,2006,19,411,490,Active,,,https://www.redfin.com/VA/Richmond/301-Virginia-St-23219/unit-U1003/home/55390576,CVRMLS,2603831,N,Y,37.5327785,-77.4336191
MLS Listing,,Townhouse,1516 Custer St,Richmond,VA,23222,389900,3,2.5,Richmond,1749,2914,2026,19,223,,Active,,,https://www.redfin.com/VA/Richmond/1516-Custer-St-23222/home/200552988,CVRMLS,2603896,N,Y,37.5675317,-77.4167865
MLS Listing,,Townhouse,5229 Encore Autumn Walk Unit J-60,Richmond,VA,23227,353850,4,3.5,Crossings at Mulberry,1608,,2025,19,220,138,Active,,,https://www.redfin.com/VA/Richmond/5229-Encore-Autumn-WALK-23227/unit-J-60/home/200547381,CVRMLS,2603832,N,Y,37.604275,-77.449662
MLS Listing,,Condo/Co-op,5340 Good Landing Rd #103,Glen Allen,VA,23059,412995,2,2.0,Twin Hickory,1139,,2026,19,363,286,Active,,,https://www.redfin.com/VA/Glen-Allen/5340-Good-Landing-Rd-23059/unit-103/home/195778406,CVRMLS,2603810,N,Y,37.6632561,-77.6116399
MLS Listing,,Townhouse,4322 Dominion Forest Cir,Glen Allen,VA,23060,569000,3,3.5,Innsbrook Dominion Residences,2040,1494,2024,19,279,273,Active,,,https://www.redfin.com/VA/Glen-Allen/4322-Dominion-Forest-Cir-23060/home/184647025,CVRMLS,2602665,N,Y,37.6581945,-77.5824436
MLS Listing,,Townhouse,1514 Custer St,Richmond,VA,23222,389900,3,2.5,Richmond,1749,,2026,20,223,,Active,,,https://www.redfin.com/VA/Richmond/1514-Custer-St-23222/home/200419641,CVRMLS,2603350,N,Y,37.5675577,-77.4168057
MLS Listing,,Townhouse,11416 Abbots Cross Ln,Glen Allen,VA,23059,399000,3,3.5,The Townes At Hunton Park,2362,2983,2005,20,169,180,Active,,,https://www.redfin.com/VA/Glen-Allen/11416-Abbots-Cross-Ln-23059/home/59593794,CVRMLS,2603787,N,Y,37.6865772,-77.5264153
MLS Listing,,Condo/Co-op,251 Rocketts Way #307,Henrico,VA,23231,300000,1,1.0,Village Of Rocketts Landing,765,766,2007,20,392,370,Active,,,https://www.redfin.com/VA/Henrico/251-Rocketts-Way-23231/unit-307/home/59606978,CVRMLS,2602258,N,Y,37.5161559,-77.4144082
MLS Listing,,Townhouse,320 Pouncey Pl,Glen Allen,VA,23059,539950,3,2.5,Townes At Pouncey Place Section 1,2016,4530,2014,21,268,174,Active,,,https://www.redfin.com/VA/Glen-Allen/320-Pouncey-Pl-23059/home/59611096,CVRMLS,2602607,N,Y,37.660213,-77.6098465
MLS Listing,,Condo/Co-op,4940 Old Main St #303,Henrico,VA,23231,424950,2,2.0,Fall Line Condominiums,1688,1690,2007,21,252,665,Active,,,https://www.redfin.com/VA/Henrico/4940-Old-Main-St-23231/unit-303/home/59607109,CVRMLS,2602719,N,Y,37.515478,-77.4155461
MLS Listing,,Condo/Co-op,3528 E Richmond Rd #20,Richmond,VA,23223,115000,2,1.0,Richmond,692,,1966,24,166,155,Active,,,https://www.redfin.com/VA/Richmond/3528-E-Richmond-Rd-23223/unit-20/home/200489502,CVRMLS,2603521,N,Y,37.5318969,-77.3957329
MLS Listing,,Condo/Co-op,117 Wellie Hill Pl Unit B,Glen Allen,VA,23060,680000,3,2.5,West Broad Village,2509,165375,2023,24,271,345,Active,,,https://www.redfin.com/VA/Glen-Allen/117-Wellie-Hill-Pl-23060/unit-B/home/191434569,CVRMLS,2603483,N,Y,37.645854,-77.594894
MLS Listing,,Townhouse,8 E Cary St,Richmond,VA,23219,849900,4,4.0,Richmond,3508,,2026,24,242,200,Active,,,https://www.redfin.com/VA/Richmond/8-E-Cary-St-23219/home/200482811,CVRMLS,2603385,N,Y,37.5421327,-77.4447803
MLS Listing,,Condo/Co-op,2439 Ownby Ln Unit B13,Richmond,VA,23220,460000,2,2.5,The Outpost at Brewers Row,1518,50939,2023,25,303,280,Active,,,https://www.redfin.com/VA/Richmond/2439-Ownby-Ln-23220/unit-B13/home/186035034,CVRMLS,2602160,N,Y,37.5647333,-77.4562972
MLS Listing,,Townhouse,7905 Wistar Woods Ct,Henrico,VA,23228,450000,3,3.0,Townes Of Wistar Woods Section 2,2300,2299,2019,25,196,217,Active,,,https://www.redfin.com/VA/Henrico/7905-Wistar-Woods-Ct-23228/home/145289829,CVRMLS,2603445,N,Y,37.6198557,-77.5159668
MLS Listing,,Condo/Co-op,2956 Hathaway Rd Unit U102,Richmond,VA,23225,320000,3,2.0,Hathaway Tower Condominiums,1729,175011,1972,25,185,1288,Active,,,https://www.redfin.com/VA/Richmond/2956-Hathaway-Rd-23225/unit-U102/home/55396952,CVRMLS,2602814,N,Y,37.5399991,-77.5196177
MLS Listing,,Townhouse,636 Mccormick Farm Dr,Glen Allen,VA,23060,420000,3,3.0,Retreat at One,2197,2086,2023,25,191,75,Active,,,https://www.redfin.com/VA/Glen-Allen/636-McCormick-Farm-Dr-23060/home/179059642,CVRMLS,2603221,N,Y,37.6444745,-77.4538272
MLS Listing,,Townhouse,514 Sybil St,Glen Allen,VA,23060,440540,4,3.5,Retreat at One,2174,,2026,25,203,75,Active,March-14-2026 10:00 AM,March-14-2026 04:00 PM,https://www.redfin.com/VA/Glen-Allen/514-Sybil-ST-23060/home/200437102,CVRMLS,2603423,N,Y,37.66033172607422,-77.53309631347656
MLS Listing,,Townhouse,518 Sybil St,Glen Allen,VA,23060,419990,3,3.0,Retreat at One,2174,,2026,25,193,75,Active,March-14-2026 10:00 AM,March-14-2026 04:00 PM,https://www.redfin.com/VA/Glen-Allen/518-Sybil-ST-23060/home/200437685,CVRMLS,2603422,N,Y,37.66033172607422,-77.53309631347656
MLS Listing,,Townhouse,520 Sybil St,Glen Allen,VA,23060,422815,3,3.0,Retreat at One,2174,,2026,25,194,75,Active,March-14-2026 10:00 AM,March-14-2026 04:00 PM,https://www.redfin.com/VA/Glen-Allen/520-Sybil-ST-23060/home/200437416,CVRMLS,2603420,N,Y,37.643643,-77.45768
MLS Listing,,Townhouse,516 Sybil St,Glen Allen,VA,23060,420695,4,3.5,Retreat at One,2174,,2026,25,194,75,Active,March-14-2026 10:00 AM,March-14-2026 04:00 PM,https://www.redfin.com/VA/Glen-Allen/516-Sybil-ST-23060/home/200443323,CVRMLS,2603418,N,Y,37.643728,-77.457573
MLS Listing,,Townhouse,524 Sybil St,Glen Allen,VA,23060,442540,4,3.5,Retreat at One,2174,,2026,25,204,75,Active,March-14-2026 10:00 AM,March-14-2026 04:00 PM,https://www.redfin.com/VA/Glen-Allen/524-Sybil-ST-23060/home/200436341,CVRMLS,2603413,N,Y,37.643609,-77.45753
MLS Listing,,Condo/Co-op,4926 Little Henry Ln,Henrico,VA,23059,856047,3,2.0,Sweetspire,2250,,2026,25,380,225,Active,,,https://www.redfin.com/VA/Unknown/4926-Allen-Ln-23059/home/200399521,CVRMLS,2603269,N,Y,37.67275619506836,-77.61959075927734
MLS Listing,,Townhouse,12 E Cary St #1,Richmond,VA,23219,829900,3,4.0,Richmond,3033,,2026,25,274,200,Active,,,https://www.redfin.com/VA/Richmond/12-E-Cary-St-23219/unit-1/home/200432932,CVRMLS,2603274,N,Y,37.5420487,-77.4446174
MLS Listing,,Townhouse,6733 Edith Oaks Way,North Chesterfield,VA,23234,347500,3,2.5,Austin Woods,1564,3833,2023,26,222,169,Active,,,https://www.redfin.com/VA/North-Chesterfield/6733-Edith-Oaks-Way-23234/home/183181130,CVRMLS,2602699,N,Y,37.4199907,-77.4964446
MLS Listing,,Condo/Co-op,5302 Old Main St Unit C,Henrico,VA,23231,589850,2,2.5,Village Of Rocketts Landing,1992,89376,2022,26,296,329,Active,,,https://www.redfin.com/VA/Henrico/5302-Old-Main-St-23231/unit-C/home/181274214,CVRMLS,2602683,N,Y,37.512425,-77.415766
MLS Listing,,Townhouse,8412 Shannon Green Ct,Henrico,VA,23228,260000,2,1.5,Shannon Green,1120,1607,1989,26,232,160,Active,,,https://www.redfin.com/VA/Henrico/8412-Shannon-Green-Ct-23228/home/59635226,CVRMLS,2602226,N,Y,37.6354625,-77.5300883
MLS Listing,,Townhouse,2104 Old Manchester St,Richmond,VA,23225,399950,3,3.0,Belle Heights,1960,1398,2022,26,204,125,Active,,,https://www.redfin.com/VA/Richmond/2104-Old-Manchester-St-23225/home/198206183,CVRMLS,2602803,N,Y,37.5200833,-77.4538122
MLS Listing,,Townhouse,5913 Banyan Ln,Richmond,VA,23234,365990,3,2.5,WATERMARK,1518,,2026,26,241,205,Active,,,https://www.redfin.com/VA/Richmond/5913-Banyan-Ln-23234/home/195899611,BRIGHT MLS,VACF2001396,N,Y,37.4183737,-77.5030175
MLS Listing,,Townhouse,2859 Queensland Dr,Henrico,VA,23294,329950,3,2.5,Pemberton Oaks Townhouses,1992,1716,1997,27,166,136,Active,,,https://www.redfin.com/VA/Henrico/2859-Queensland-Dr-23294/home/59634767,CVRMLS,2602504,N,Y,37.6313817,-77.5624233
MLS Listing,,Condo/Co-op,4820 Old Main #605,Henrico,VA,23231,487000,2,2.0,Village Of Rocketts Landing,1659,,2007,27,294,666,Active,,,https://www.redfin.com/VA/Henrico/4820-Old-Main-St-23231/unit-605/home/59607051,CVRMLS,2601918,N,Y,37.5169068,-77.4154175
MLS Listing,,Townhouse,5917 Banyan Ln,Richmond,VA,23234,365990,3,2.5,WATERMARK,1518,,2026,27,241,205,Active,,,https://www.redfin.com/VA/Richmond/5917-Banyan-Ln-23234/home/195899608,BRIGHT MLS,VACF2001392,N,Y,37.4183719,-77.5030932
MLS Listing,,Townhouse,5921 Banyan Ln,Richmond,VA,23234,360990,3,2.5,WATERMARK,1518,,2026,27,238,205,Active,March-14-2026 10:00 AM,March-14-2026 06:00 PM,https://www.redfin.com/VA/Richmond/5921-Banyan-Ln-23234/home/195899604,BRIGHT MLS,VACF2001390,N,Y,37.4183701,-77.5031689
MLS Listing,,Condo/Co-op,1548 Moore St Unit A,Richmond,VA,23220,439900,2,2.5,Carver Square,1582,30073,2023,27,278,176,Active,,,https://www.redfin.com/VA/Richmond/1548-W-Moore-St-23220/unit-A/home/200404859,CVRMLS,2602819,N,Y,37.557749,-77.4520116
MLS Listing,,Condo/Co-op,3530 E Richmond Rd Unit U12,Richmond,VA,23223,124500,2,1.0,Villas Of Oakwood South,692,692,1966,28,180,155,Active,,,https://www.redfin.com/VA/Richmond/3530-E-Richmond-Rd-23223/unit-U12/home/112982780,CVRMLS,2602853,N,Y,37.5313935,-77.3956901
MLS Listing,,Condo/Co-op,413 Stuart Cir Unit PLA,Richmond,VA,23220,250000,2,2.0,ONE MONUMENT AVENUE,1226,,1913,28,204,1153,Active,,,https://www.redfin.com/VA/Richmond/413-Stuart-Cir-23220/unit-PLA/home/161384582,BRIGHT MLS,VARC2000800,N,Y,37.5519621,-77.4575863
MLS Listing,,Condo/Co-op,3611 Edna Path Unit B,Richmond,VA,23233,500825,3,2.5,Gayton Village,2451,,2026,31,204,215,Active,March-14-2026 10:00 AM,March-14-2026 04:00 PM,https://www.redfin.com/VA/Richmond/3611-Edna-PATH-23233/unit-B/home/200382979,CVRMLS,2602977,N,Y,37.63982391357422,-77.61622619628906
MLS Listing,,Condo/Co-op,3603 Edna Path Unit B,Richmond,VA,23233,477735,3,2.5,Gayton Village,2451,,2026,31,195,215,Active,March-14-2026 10:00 AM,March-14-2026 04:00 PM,https://www.redfin.com/VA/Richmond/3603-Edna-PATH-23233/unit-B/home/200382230,CVRMLS,2602968,N,Y,37.660195,-77.635509
MLS Listing,,Townhouse,5925 Banyan Ln,Richmond,VA,23234,370990,3,2.5,WATERMARK,1518,,2026,31,244,205,Active,,,https://www.redfin.com/VA/Richmond/5925-Banyan-Ln-23234/home/195899601,BRIGHT MLS,VACF2001388,N,Y,37.4183658,-77.5032575
MLS Listing,,Condo/Co-op,6 N 6th St Unit U2E,Richmond,VA,23219,279900,2,2.0,Richmond,1007,1010,1914,31,278,465,Active,,,https://www.redfin.com/VA/Richmond/6-N-6th-St-23219/unit-U2E/home/55392916,CVRMLS,2602154,N,Y,37.5403599,-77.4388787
MLS Listing,,Townhouse,7564 Beauchamp Ct,Richmond,VA,23225,324900,2,2.5,Southampton Hills,1403,2186,1985,31,232,445,Active,,,https://www.redfin.com/VA/Richmond/7564-Beauchamp-Ct-23225/home/55397692,CVRMLS,2602520,N,Y,37.542449,-77.533526
MLS Listing,,Condo/Co-op,12479 Donahue Rd,Glen Allen,VA,23059,850000,4,3.5,Dominion Park At Wyndham,2751,,2022,31,309,190,Active,,,https://www.redfin.com/VA/Glen-Allen/12479-Donahue-Rd-23059/home/185536128,CVRMLS,2601381,N,Y,37.7065639,-77.6291548
MLS Listing,,Condo/Co-op,2709 Acadia Dr Unit A,Henrico,VA,23294,345000,2,2.5,West Broad Landing,1523,586783,2023,31,227,215,Active,,,https://www.redfin.com/VA/Henrico/2709-Acadia-Dr-23294/unit-A/home/191435414,CVRMLS,2601838,N,Y,37.6154253,-77.525209
MLS Listing,,Condo/Co-op,5304 Twisting Vine Ln #102,Glen Allen,VA,23059,359950,2,2.0,Twin Hickory,1321,,2025,32,272,286,Active,,,https://www.redfin.com/VA/Glen-Allen/5304-Twisting-Vine-Ln-23059/unit-102/home/193355522,CVRMLS,2602922,N,Y,37.662766,-77.610325
MLS Listing,,Townhouse,5901 Banyan Ln,Richmond,VA,23234,375990,3,2.5,Watermark,1518,,2026,32,248,205,Active,,,https://www.redfin.com/VA/Richmond/5901-Banyan-Ln-23234/home/195899624,CVRMLS,2602884,N,Y,37.4183796,-77.5027766
MLS Listing,,Townhouse,5905 Banyan Ln,Richmond,VA,23234,360990,3,2.5,Watermark,1518,,2026,32,238,205,Active,,,https://www.redfin.com/VA/Richmond/5905-Banyan-Ln-23234/home/195899621,CVRMLS,2602882,N,Y,37.4183774,-77.5028661
MLS Listing,,Townhouse,5909 Banyan Ln,Richmond,VA,23234,365990,3,2.5,Watermark,1518,,2026,32,241,205,Active,,,https://www.redfin.com/VA/Richmond/5909-Banyan-Ln-23234/home/195899615,CVRMLS,2602847,N,Y,37.4183756,-77.5029418
MLS Listing,,Condo/Co-op,251 Rocketts Way #202,Henrico,VA,23231,379900,2,2.0,Village Of Rocketts Landing,1099,1097,2007,33,346,392,Active,,,https://www.redfin.com/VA/Henrico/251-Rocketts-Way-23231/unit-202/home/59606966,CVRMLS,2602059,N,Y,37.5161559,-77.4144082
MLS Listing,,Condo/Co-op,1900 Roseneath Rd Unit 8B,Richmond,VA,23230,500000,3,2.5,Mason Yards,1518,24898,2023,33,329,249,Active,,,https://www.redfin.com/VA/Richmond/1900-Roseneath-Rd-23230/unit-8B/home/184408432,CVRMLS,2601439,N,Y,37.5728417,-77.4702196
MLS Listing,,Condo/Co-op,2106 Turtle Run Dr #9,Henrico,VA,23233,245000,2,2.0,Turtle Creek West Condominiums,980,871,1985,33,250,283,Active,,,https://www.redfin.com/VA/Henrico/2106-Turtle-Run-Dr-23233/unit-9/home/59641804,CVRMLS,2602799,N,Y,37.627004,-77.5965178
MLS Listing,,Condo/Co-op,2104 Turtle Run Dr #9,Henrico,VA,23233,254900,2,2.0,Turtle Creek West Condominiums,980,871,1984,33,260,246,Active,,,https://www.redfin.com/VA/Henrico/2104-Turtle-Run-Dr-23233/unit-9/home/59641826,CVRMLS,2602764,N,Y,37.626711,-77.5968307
MLS Listing,,Townhouse,245 Whiteside Rd,Sandston,VA,23150,332705,3,2.5,Parkside Townes,1336,,2026,33,249,179,Active,March-14-2026 12:00 PM,March-14-2026 04:00 PM,https://www.redfin.com/VA/Sandston/245-Whiteside-Rd-23150/home/195782522,CVRMLS,2602570,N,Y,37.5057,-77.2884871
MLS Listing,,Townhouse,255 Whiteside Rd,Sandston,VA,23150,327450,3,2.5,Parkside Townes,1336,,2026,33,245,179,Active,March-14-2026 12:00 PM,March-14-2026 04:00 PM,https://www.redfin.com/VA/Sandston/255-Whiteside-Rd-23150/home/195782531,CVRMLS,2602567,N,Y,37.5075755,-77.2887521
MLS Listing,,Townhouse,253 Whiteside Rd,Sandston,VA,23150,320920,3,2.5,Parkside Townes,1336,,2026,33,240,179,Active,March-14-2026 12:00 PM,March-14-2026 04:00 PM,https://www.redfin.com/VA/Sandston/253-Whiteside-Rd-23150/home/195782529,CVRMLS,2602566,N,Y,37.5075755,-77.2887521
MLS Listing,,Townhouse,3452 Broadwick Rd,Richmond,VA,23234,314950,3,2.5,Kinwick,1336,,2026,34,236,163,Active,,,https://www.redfin.com/VA/Unknown/3452-Hill-Rd-23234/home/200335880,CVRMLS,2602717,N,Y,37.471279,-77.467681
MLS Listing,,Townhouse,3448 Broadwick Rd,Richmond,VA,23234,304950,3,2.5,Kinwick,1318,,2026,34,231,163,Active,,,https://www.redfin.com/VA/Unknown/3448-Hill-Rd-23234/home/200335749,CVRMLS,2602716,N,Y,37.47135,-77.467682
MLS Listing,,Townhouse,3444 Broadwick Rd,Richmond,VA,23234,307450,3,2.5,Kinwick,1336,,2026,34,230,163,Active,,,https://www.redfin.com/VA/Unknown/3444-Hill-Rd-23234/home/200335590,CVRMLS,2602715,N,Y,37.471405,-77.467687
MLS Listing,,Townhouse,6260 Belay Dr,North Chesterfield,VA,23234,354990,3,2.5,Watermark,1485,,2026,37,239,205,Active,,,https://www.redfin.com/VA/North-Chesterfield/6260-Belay-Dr-23234/home/190874901,CVRMLS,2602277,N,Y,37.4220822,-77.508571
MLS Listing,,Townhouse,1306 Stone Ridge Park Loop,Henrico,VA,23228,329990,3,2.5,Stone Ridge,1495,1799,2017,37,221,156,Active,,,https://www.redfin.com/VA/Henrico/1306-Stone-Ridge-Park-Loop-23228/home/112932087,CVRMLS,2602047,N,Y,37.634917,-77.464544
MLS Listing,,Condo/Co-op,908 Winterstick Pl,Richmond,VA,23223,159900,2,1.5,Wynfield Condominium,998,60844,1975,38,160,80,Active,,,https://www.redfin.com/VA/Richmond/908-Winterstick-Pl-23223/home/59681493,CVRMLS,2533450,N,Y,37.5421456,-77.3459469
MLS Listing,,Townhouse,9497 Walter Rd,Glen Allen,VA,23059,449585,4,3.5,Village at Virginia Center Commons,1943,,2026,38,231,68,Active,March-14-2026 10:00 AM,March-14-2026 04:00 PM,https://www.redfin.com/VA/Glen-Allen/9497-Walter-Rd-23059/home/195781512,CVRMLS,2602471,N,Y,37.67509841918945,-77.45800018310547
MLS Listing,,Townhouse,9491 Walter Rd,Glen Allen,VA,23059,439085,3,3.0,Village at Virginia Center Commons,1943,,2026,38,226,68,Active,March-14-2026 10:00 AM,March-14-2026 04:00 PM,https://www.redfin.com/VA/Glen-Allen/9491-Walter-Rd-23059/home/195781514,CVRMLS,2602466,N,Y,37.674157,-77.451879
MLS Listing,,Condo/Co-op,1414 W Marshall St Unit U301,Richmond,VA,23220,365500,3,3.0,Eagles Mill Towers Condos,1332,1306,2006,39,274,428,Active,,,https://www.redfin.com/VA/Richmond/1414-W-Marshall-St-23220/unit-U301/home/163343237,CVRMLS,2601349,N,Y,37.5543892,-77.4537178
MLS Listing,,Townhouse,606 Decatur St,Richmond,VA,23224,424000,2,2.5,Manchester Square,1455,,2025,39,291,61,Active,,,https://www.redfin.com/VA/Richmond/606-Decatur-St-23224/home/195414624,CVRMLS,2602389,N,Y,37.5228413,-77.4384604
MLS Listing,,Condo/Co-op,5313 Twisting Vine Ln #205,Glen Allen,VA,23059,465060,3,2.0,Twin Hickory,2207,,2026,41,211,291,Active,,,https://www.redfin.com/VA/Glen-Allen/5313-Twisting-Vine-Ln-23059/unit-205/home/200227852,CVRMLS,2602282,N,Y,37.663347,-77.610691
MLS Listing,,Condo/Co-op,5313 Twisting Vine Ln #204,Glen Allen,VA,23059,319950,1,2.0,Twin Hickory,1227,,2026,41,261,291,Active,,,https://www.redfin.com/VA/Glen-Allen/5313-Twisting-Vine-Ln-23059/unit-204/home/200227816,CVRMLS,2602279,N,Y,37.663347,-77.610691
MLS Listing,,Condo/Co-op,5313 Twisting Vine Ln #203,Glen Allen,VA,23059,327150,1,2.0,Twin Hickory,1227,,2026,41,267,291,Active,,,https://www.redfin.com/VA/Glen-Allen/5313-Twisting-Vine-Ln-23059/unit-203/home/200227781,CVRMLS,2602276,N,Y,37.663347,-77.610691
MLS Listing,,Condo/Co-op,5313 Twisting Vine Ln #202,Glen Allen,VA,23059,382150,2,2.0,Twin Hickory,1367,,2026,41,280,291,Active,,,https://www.redfin.com/VA/Glen-Allen/5313-Twisting-Vine-Ln-23059/unit-202/home/200227737,CVRMLS,2602275,N,Y,37.663347,-77.610691
MLS Listing,,Condo/Co-op,5313 Twisting Vine Ln #201,Glen Allen,VA,23059,382150,2,2.0,Twin Hickory,1367,,2026,41,280,291,Active,,,https://www.redfin.com/VA/Glen-Allen/5313-Twisting-Vine-Ln-23059/unit-201/home/200227692,CVRMLS,2602274,N,Y,37.663347,-77.610691
MLS Listing,,Condo/Co-op,5313 Twisting Vine Ln #104,Glen Allen,VA,23059,299950,1,1.5,Twin Hickory,1116,,2026,41,269,291,Active,,,https://www.redfin.com/VA/Glen-Allen/5313-Twisting-Vine-Ln-23059/unit-104/home/200227509,CVRMLS,2602269,N,Y,37.663347,-77.610691
MLS Listing,,Condo/Co-op,5313 Twisting Vine Ln #103,Glen Allen,VA,23059,306205,1,1.5,Twin Hickory,1116,,2026,41,274,291,Active,,,https://www.redfin.com/VA/Glen-Allen/5313-Twisting-Vine-Ln-23059/unit-103/home/200227315,CVRMLS,2602266,N,Y,37.663347,-77.610691
MLS Listing,,Townhouse,12024 Flowering Lavender Loop,Henrico,VA,23233,607205,4,3.5,Shire Walk,2547,,2025,41,238,190,Active,,,https://www.redfin.com/VA/Henrico/12024-Flowering-Lavender-Loop-23233/home/195778372,CVRMLS,2602265,N,Y,37.6317628,-77.6128815
MLS Listing,,Condo/Co-op,5313 Twisting Vine Ln #102,Glen Allen,VA,23059,380950,2,2.0,Twin Hickory,1291,,2026,41,295,286,Active,,,https://www.redfin.com/VA/Glen-Allen/5313-Twisting-Vine-Ln-23059/unit-102/home/200227157,CVRMLS,2601669,N,Y,37.663347,-77.610691
MLS Listing,,Condo/Co-op,306 N 26th St Unit U208,Richmond,VA,23223,345000,2,1.0,Nolde Bakery Condo,1133,1132,1920,42,305,375,Active,,,https://www.redfin.com/VA/Richmond/306-N-26th-St-23223/unit-U208/home/55390016,CVRMLS,2602224,N,Y,37.531784,-77.417867
MLS Listing,,Townhouse,5221 Preston Square Loop,Glen Allen,VA,23059,564950,3,2.5,Preston Square,2470,3968,2010,42,229,215,Active,,,https://www.redfin.com/VA/Glen-Allen/5221-Preston-Square-Loop-23059/home/59605768,CVRMLS,2602076,N,Y,37.6847753,-77.5848549
MLS Listing,,Condo/Co-op,5405 Raysdale Rd #202,Glen Allen,VA,23059,412685,3,3.5,Twin Hickory,1573,,2026,42,262,291,Active,March-14-2026 12:00 PM,March-14-2026 04:00 PM,https://www.redfin.com/VA/Glen-Allen/5405-Raysdale-RD-23059/unit-202/home/200197043,CVRMLS,2602139,N,Y,37.663926,-77.612571
MLS Listing,,Condo/Co-op,5405 Raysdale Rd #102,Glen Allen,VA,23059,420105,3,3.5,Twin Hickory,1573,,2026,42,267,291,Active,March-14-2026 12:00 PM,March-14-2026 04:00 PM,https://www.redfin.com/VA/Glen-Allen/5405-Raysdale-RD-23059/unit-102/home/200196816,CVRMLS,2602134,N,Y,37.663711,-77.612785
MLS Listing,,Condo/Co-op,5405 Raysdale Rd #101,Glen Allen,VA,23059,441525,3,3.5,Twin Hickory,1605,,2026,42,275,291,Active,,,https://www.redfin.com/VA/Glen-Allen/5405-Raysdale-RD-23059/unit-101/home/200196511,CVRMLS,2602129,N,Y,37.663697,-77.612324
MLS Listing,,Townhouse,9745 Candace Ter,Glen Allen,VA,23060,274950,3,1.5,Laurel Lakes Ths,1280,1724,1986,45,215,120,Active,,,https://www.redfin.com/VA/Glen-Allen/9745-Candace-Ter-23060/home/59627422,CVRMLS,2601401,N,Y,37.6483668,-77.5154404
MLS Listing,,Townhouse,12026 Flowering Lavender Loop,Henrico,VA,23233,637245,4,4.0,Shire Walk,2819,,2025,45,226,190,Active,,,https://www.redfin.com/VA/Henrico/12026-Flowering-Lavender-Loop-23233/home/195778370,CVRMLS,2601983,N,Y,37.6318067,-77.6129287
MLS Listing,,Townhouse,4141 Ambergrove Ave,North Chesterfield,VA,23236,664109,3,2.5,Amberleigh,2184,4356,2026,46,304,83,Active,,,https://www.redfin.com/VA/North-Chesterfield/4141-Ambergrove-Ave-23236/home/176333955,CVRMLS,2601886,N,Y,37.4468945,-77.574604
MLS Listing,,Townhouse,285 Greenpark Rd,Sandston,VA,23150,367580,4,3.5,Parkside Townes,1685,,2026,46,218,169,Active,March-14-2026 12:00 PM,March-14-2026 04:00 PM,https://www.redfin.com/VA/Sandston/285-Greenpark-Rd-23150/home/195782565,CVRMLS,2601649,N,Y,37.513498,-77.2879343
MLS Listing,,Townhouse,287 Greenpark Rd,Sandston,VA,23150,381620,3,3.5,Parkside Townes,1685,,2026,46,226,169,Active,March-14-2026 12:00 PM,March-14-2026 04:00 PM,https://www.redfin.com/VA/Sandston/287-Greenpark-Rd-23150/home/195782567,CVRMLS,2601651,N,Y,37.513498,-77.2879343
MLS Listing,,Condo/Co-op,4686 Twin Hickory Lake Dr,Glen Allen,VA,23059,345000,2,2.0,Holly Glen,1520,1306,2003,46,227,255,Active,,,https://www.redfin.com/VA/Glen-Allen/4686-Twin-Hickory-Lake-Dr-23059/home/59595006,CVRMLS,2601855,N,Y,37.6661143,-77.600567
MLS Listing,,Condo/Co-op,2201 E Main St #6,Richmond,VA,23223,595000,2,2.5,Broom Factory,1240,,1921,47,480,488,Active,,,https://www.redfin.com/VA/Richmond/2201-E-Main-St-23223/unit-6/home/198436635,CVRMLS,2601498,N,Y,37.5303797,-77.4240955
MLS Listing,,Condo/Co-op,2201 E Main St #10,Richmond,VA,23223,385000,1,1.5,Broom Factory,783,,1921,47,492,366,Active,,,https://www.redfin.com/VA/Richmond/2201-E-Main-St-23223/unit-10/home/198437116,CVRMLS,2601467,N,Y,37.5303797,-77.4240955
MLS Listing,,Condo/Co-op,2201 E Main St #2,Richmond,VA,23223,365000,1,1.5,Broom Factory,744,,1921,47,491,284,Active,,,https://www.redfin.com/VA/Richmond/2201-E-Main-St-23223/unit-2/home/198577879,CVRMLS,2600280,N,Y,37.5303797,-77.4240955
MLS Listing,,Condo/Co-op,5408 Raysdale Rd #101,Glen Allen,VA,23059,445520,3,2.5,Twin Hickory,1572,,2026,47,283,291,Active,March-14-2026 12:00 PM,March-14-2026 04:00 PM,https://www.redfin.com/VA/Glen-Allen/5408-Raysdale-RD-23059/unit-101/home/198428493,CVRMLS,2601644,N,Y,37.663881,-77.613064
MLS Listing,,Condo/Co-op,1716 Old Brick Rd Unit A,Glen Allen,VA,23060,429900,3,2.5,West Broad Village,1550,165375,2023,47,277,325,Active,,,https://www.redfin.com/VA/Glen-Allen/1716-Old-Brick-Rd-23060/unit-A/home/191434559,CVRMLS,2533278,N,Y,37.645854,-77.594894
MLS Listing,,Townhouse,11401 Hayloft Ln,Glen Allen,VA,23060,554950,3,3.5,Sadler Crossing,2756,3885,2017,50,201,200,Active,,,https://www.redfin.com/VA/Glen-Allen/11401-Hayloft-Ln-23060/home/113002483,CVRMLS,2600337,N,Y,37.6585653,-77.5898281
MLS Listing,,Condo/Co-op,16 Stillwater Ln,Henrico,VA,23228,149950,1,1.0,Hamlet Condominium,914,914,1962,51,164,682,Active,,,https://www.redfin.com/VA/Henrico/16-Stillwater-Ln-23228/home/59661641,CVRMLS,2601454,N,Y,37.6034539,-77.4947065
MLS Listing,,Condo/Co-op,1500 Largo Rd #201,Henrico,VA,23238,219950,3,2.0,Regency Woods Condominiums,1364,,1977,51,161,527,Active,,,https://www.redfin.com/VA/Henrico/1500-Largo-Rd-23238/unit-201/home/59650398,CVRMLS,2601453,N,Y,37.6086195,-77.5873161
MLS Listing,,Condo/Co-op,1716 Summit Ave #24,Richmond,VA,23230,345000,2,2.0,Hook and Ladder Lofts,1115,,1900,52,309,352,Active,,,https://www.redfin.com/VA/Richmond/1716-Summit-Ave-23230/unit-24/home/195352378,CVRMLS,2601029,N,Y,37.5696398,-77.4692112
MLS Listing,,Condo/Co-op,1716 Summit Ave #2,Richmond,VA,23230,430000,2,2.0,Hook and Ladder Lofts,1386,52250,1900,52,310,396,Active,,,https://www.redfin.com/VA/Richmond/1716-Summit-Ave-23230/unit-2/home/200094393,CVRMLS,2601105,N,Y,37.5697758,-77.4689695
MLS Listing,,Townhouse,14 Shiplock Row,Henrico,VA,23231,579900,3,4.0,Village Of Rocketts Landing,2169,958,2021,53,267,177,Active,,,https://www.redfin.com/VA/Henrico/14-Shiplock-Row-23231/home/171370797,CVRMLS,2600075,N,Y,37.5121287,-77.4150674
MLS Listing,,Townhouse,1827 W Cary St Unit D,Richmond,VA,23220,664950,3,2.5,Richmond,2070,2273,2025,53,321,,Active,,,https://www.redfin.com/VA/Richmond/1827-W-Cary-St-23220/unit-D/home/193834099,CVRMLS,2601246,N,Y,37.547279,-77.464934
MLS Listing,,Condo/Co-op,1716 Summit Ave #18,Richmond,VA,23230,419000,3,2.0,Hook and Ladder Lofts,1758,52250,1900,54,238,440,Active,,,https://www.redfin.com/VA/Richmond/1716-Summit-Ave-23230/unit-18/home/196077626,CVRMLS,2601182,N,Y,37.5696398,-77.4692112
MLS Listing,,Townhouse,12010 Afternoon Path,Henrico,VA,23233,536985,4,3.5,Shire Walk,2105,,2026,54,255,190,Active,,,https://www.redfin.com/VA/Henrico/12010-Afternoon-Path-23233/home/195778373,CVRMLS,2601188,N,Y,37.6314269,-77.6127437
MLS Listing,,Condo/Co-op,251 Rocketts Way #109,Henrico,VA,23231,299999,1,1.0,Village Of Rocketts Landing,765,766,2007,54,392,370,Active,,,https://www.redfin.com/VA/Henrico/251-Rocketts-Way-23231/unit-109/home/59606947,CVRMLS,2601116,N,Y,37.5161559,-77.4144082
MLS Listing,,Condo/Co-op,212 E Clay St Unit UB1,Richmond,VA,23219,249950,1,1.0,Richmond,736,736,1908,54,340,285,Active,,,https://www.redfin.com/VA/Richmond/212-E-Clay-St-23219/unit-UB1/home/55391734,CVRMLS,2600639,N,Y,37.5460965,-77.4374459
MLS Listing,,Condo/Co-op,1716 Summit Ave #14,Richmond,VA,23230,329000,2,1.0,Hook and Ladder Lofts,1055,52250,1900,54,312,211,Active,,,https://www.redfin.com/VA/Richmond/1716-Summit-Ave-23230/unit-14/home/196082456,CVRMLS,2601106,N,Y,37.5696398,-77.4692112
MLS Listing,,Townhouse,121 E 6th St,Richmond,VA,23224,510000,3,3.5,Manchester Square,1662,,2026,54,307,61,Active,,,https://www.redfin.com/VA/Richmond/121-E-6th-St-23224/home/200035828,CVRMLS,2601129,N,Y,37.5223526,-77.4376352
MLS Listing,,Townhouse,12008 Afternoon Path,Henrico,VA,23233,530130,3,3.5,Shire Walk,2013,,2025,55,263,190,Active,,,https://www.redfin.com/VA/Henrico/12008-Afternoon-Path-23233/home/195778371,CVRMLS,2601065,N,Y,37.6313916,-77.6127968
MLS Listing,,Townhouse,5243 Encore Autumn Walk Unit I-58,Richmond,VA,23227,325955,3,2.5,Crossings at Mulberry,1520,,2025,55,214,138,Active,,,https://www.redfin.com/VA/Richmond/5243-Encore-Autumn-WALK-23227/unit-I-58/home/199062381,CVRMLS,2601030,N,Y,37.604621,-77.44948
MLS Listing,,Townhouse,5245 Encore Autumn Walk Unit I-57,Richmond,VA,23227,323835,3,2.5,Crossings at Mulberry,1520,,2025,55,213,138,Active,,,https://www.redfin.com/VA/Richmond/5245-Encore-Autumn-WALK-23227/unit-I-57/home/199062326,CVRMLS,2601024,N,Y,37.604492,-77.449765
MLS Listing,,Townhouse,12006 Afternoon Path,Henrico,VA,23233,534610,4,3.5,Shire Walk,2097,,2026,56,255,190,Active,,,https://www.redfin.com/VA/Henrico/12006-Afternoon-Path-23233/home/195778369,CVRMLS,2600976,N,Y,37.6313563,-77.6128498
MLS Listing,,Townhouse,12004 Afternoon Path,Henrico,VA,23233,545310,4,3.5,Shire Walk,1995,,2026,56,273,190,Active,,,https://www.redfin.com/VA/Henrico/12004-Afternoon-Path-23233/home/195778367,CVRMLS,2600962,N,Y,37.6313211,-77.6129026
MLS Listing,,Townhouse,12002 Afternoon Path,Henrico,VA,23233,530785,4,3.5,Shire Walk,2093,,2026,56,254,190,Active,,,https://www.redfin.com/VA/Henrico/12002-Afternoon-Path-23233/home/195778365,CVRMLS,2600945,N,Y,37.631286,-77.612955
MLS Listing,,Townhouse,12000 Afternoon Path,Henrico,VA,23233,571450,4,3.5,Shire Walk,2236,,2026,56,256,190,Active,,,https://www.redfin.com/VA/Henrico/12000-Afternoon-Path-23233/home/195778364,CVRMLS,2600925,N,Y,37.6312491,-77.6130112
MLS Listing,,Townhouse,11753 Triple Notch Ter,Henrico,VA,23233,585000,3,2.5,Three Notch Place,2488,3131,2006,56,235,350,Active,,,https://www.redfin.com/VA/Henrico/11753-Triple-Notch-Ter-23233/home/59602832,CVRMLS,2600374,N,Y,37.6445785,-77.6140868
MLS Listing,,Townhouse,5934 Brewster Ct,North Chesterfield,VA,23234,300000,3,2.5,Belfair Townhouses,1980,2047,2011,57,152,110,Active,,,https://www.redfin.com/VA/North-Chesterfield/5934-Brewster-Ct-23234/home/59547606,CVRMLS,2532660,N,Y,37.4614054,-77.5113312
MLS Listing,,Condo/Co-op,511 S Harrison St Unit A,Richmond,VA,23220,174000,2,1.0,Courtyard Condo,620,609,1963,58,281,375,Active,,,https://www.redfin.com/VA/Richmond/511-S-Harrison-St-23220/unit-A/home/177152539,CVRMLS,2600736,N,Y,37.5407618,-77.4577155
MLS Listing,,Townhouse,11803 Rochampton Sq,Henrico,VA,23238,360000,3,2.5,Sussex Square,1827,5950,1980,59,197,500,Active,,,https://www.redfin.com/VA/Henrico/11803-Rochampton-Sq-23238/home/59648202,CVRMLS,2600424,N,Y,37.6134372,-77.6291426
MLS Listing,,Townhouse,2114 Blossom Trail Ave Unit G-3,Henrico,VA,23223,366543,3,2.5,Reserve at Springdale Park,1606,,2025,59,228,300,Active,,,https://www.redfin.com/VA/Henrico/2114-Blossom-Trail-AVE-23223/unit-G-3/home/199987054,CVRMLS,2600697,N,Y,37.581765,-77.396382
MLS Listing,,Townhouse,2112 Blossom Trail Ave Unit G-2,Henrico,VA,23223,366543,3,2.5,Reserve at Springdale Park,1606,,2025,59,228,300,Active,,,https://www.redfin.com/VA/Henrico/2112-Blossom-Trail-AVE-23223/unit-G-2/home/199986902,CVRMLS,2600694,N,Y,37.581783,-77.396272
MLS Listing,,Townhouse,4509 Colonial Place Aly,Richmond,VA,23221,599000,3,3.5,Richmond,2101,871,2024,60,285,70,Active,,,https://www.redfin.com/VA/Richmond/4509-Colonial-Place-Aly-23226/home/190554412,CVRMLS,2600601,N,Y,37.5652738,-77.4981693
MLS Listing,,Townhouse,11933 Evening Loop,Henrico,VA,23233,562745,3,3.5,Shire Walk,2203,,2025,60,255,190,Active,,,https://www.redfin.com/VA/Henrico/11933-Evening-Loop-23233/home/195778347,CVRMLS,2600574,N,Y,37.6312742,-77.6139005
MLS Listing,,Townhouse,5414 Coopers Walk Ln,Richmond,VA,23230,459000,2,3.0,Libbie Mill Townhomes,1556,797,2018,61,295,230,Active,,,https://www.redfin.com/VA/Richmond/5414-Coopers-Walk-Ln-23230/home/145289922,CVRMLS,2600070,N,Y,37.5896692,-77.4990434
MLS Listing,,Townhouse,3436 Broadwick Rd,Richmond,VA,23234,304950,3,2.5,Kinwick,1336,,2026,61,228,163,Active,,,https://www.redfin.com/VA/Unknown/3436-Hill-Rd-23234/home/199965401,CVRMLS,2600475,N,Y,37.471515,-77.467697
MLS Listing,,Townhouse,3428 Broadwick Rd,Richmond,VA,23234,313450,3,2.5,Kinwick,1318,,2026,61,238,163,Active,,,https://www.redfin.com/VA/Unknown/3428-Hill-Rd-23234/home/199965297,CVRMLS,2600471,N,Y,37.471639,-77.467708
MLS Listing,,Townhouse,3522 Vinery Ave,Henrico,VA,23233,899900,4,4.5,Greengate,2998,1598,2020,62,300,210,Active,,,https://www.redfin.com/VA/Henrico/3522-Vinery-Ave-23233/home/167794648,CVRMLS,2533647,N,Y,37.6583471,-77.6414082
MLS Listing,,Condo/Co-op,3109 N Parham Rd #17,Henrico,VA,23294,194999,2,1.0,Westshire On Parham Condos,863,871,1964,62,226,282,Active,,,https://www.redfin.com/VA/Henrico/3109-N-Parham-Rd-23294/unit-17/home/59604357,CVRMLS,2600320,N,Y,37.628198,-77.540725
MLS Listing,,Townhouse,842 Parkland Pl,Glen Allen,VA,23059,444950,3,2.5,Jamerson Park,1656,2853,2005,62,269,170,Active,,,https://www.redfin.com/VA/Glen-Allen/842-Parkland-Pl-23059/home/59601566,CVRMLS,2533629,N,Y,37.6694714,-77.5915792
MLS Listing,,Townhouse,217 S Stafford Ave,Richmond,VA,23220,955000,3,3.5,Parkline Townhomes,2435,871,2026,62,392,51,Active,,,https://www.redfin.com/VA/Richmond/217-S-Stafford-Ave-23220/home/199960646,CVRMLS,2600425,N,Y,37.5484244,-77.4719815
MLS Listing,,Condo/Co-op,306 N 26th St Unit U128,Richmond,VA,23223,314950,1,1.0,Nolde Bakery Condo,882,871,1920,62,357,292,Active,,,https://www.redfin.com/VA/Richmond/306-N-26th-St-23223/unit-U128/home/55390033,CVRMLS,2600368,N,Y,37.531784,-77.417867
MLS Listing,,Townhouse,6103 Primrose Path Rd,Richmond,VA,23224,393365,3,3.5,Creekside Run,1951,1350,2026,62,202,75,Active,,,https://www.redfin.com/VA/Richmond/6103-Primrose-Path-Rd-23225/home/199952910,CVRMLS,2600359,N,Y,37.49904251098633,-77.46495819091797
MLS Listing,,Townhouse,6033 Blue Iris Rd,Richmond,VA,23224,369440,2,2.5,Creekside Run,1602,1263,2026,62,231,75,Active,,,https://www.redfin.com/VA/Richmond/6033-Blue-Iris-Rd-23225/home/199952890,CVRMLS,2600343,N,Y,37.49904251098633,-77.46495819091797
MLS Listing,,Condo/Co-op,815 Porter St #217,Richmond,VA,23224,252450,1,1.0,Manchester,793,784,1895,63,318,216,Active,,,https://www.redfin.com/VA/Richmond/815-Porter-St-23224/unit-217/home/59879744,CVRMLS,2533136,N,Y,37.5244525,-77.4430984
MLS Listing,,Condo/Co-op,1503 Largo Rd #303,Henrico,VA,23238,173000,1,1.0,ALL OTHERS AREA 150,878,,1977,63,197,358,Active,,,https://www.redfin.com/VA/Henrico/1503-Largo-Rd-23238/unit-303/home/59650443,REINMLS,10614982,N,Y,37.6079734,-77.5863477
MLS Listing,,Townhouse,2315 Bright Lemon Dr,Sandston,VA,23150,359990,3,2.0,Landmark,1634,,2026,66,220,135,Active,,,https://www.redfin.com/VA/Sandston/2315-Bright-Lemon-DR-Unknown/home/199917635,CVRMLS,2600141,N,Y,37.513568,-77.281295
MLS Listing,,Townhouse,9490 Creek Summit Cir,Richmond,VA,23235,561415,3,2.5,Creeks Edge At Stony Point,2038,,2026,66,275,350,Active,,,https://www.redfin.com/VA/Richmond/9490-Creek-Summit-Cir-23235/home/199875965,CVRMLS,2533757,N,Y,37.5485038,-77.5758812
MLS Listing,,Townhouse,9492 Creek Summit Cir,Richmond,VA,23235,529900,3,2.5,Creeks Edge At Stony Point,2042,,2026,66,260,350,Active,,,https://www.redfin.com/VA/Richmond/9492-Creek-Summit-Cir-23235/home/199875969,CVRMLS,2533766,N,Y,37.5484761,-77.5759601
MLS Listing,,Condo/Co-op,8416-12 Oconnor Ct Unit UL-4,Richmond,VA,23228,195900,2,2.0,SHANNON GREEN,912,,1985,67,215,214,Active,,,https://www.redfin.com/VA/Richmond/8416-O-Connor-Ct-23228/unit-UL-4/home/199884333,BRIGHT MLS,VAHN2001132,N,Y,37.6369368,-77.5287391
MLS Listing,,Condo/Co-op,212 W Franklin St #205,Richmond,VA,23220,399000,2,2.5,Presidential Court Condo,1661,,1916,67,240,1075,Active,,,https://www.redfin.com/VA/Richmond/212-W-Franklin-St-23220/unit-205/home/59878397,CVRMLS,2533679,N,Y,37.5455533,-77.4456675
MLS Listing,,Townhouse,2221 Perry St,Richmond,VA,23225,342000,3,2.5,Hollands Addition,1515,2204,2025,67,226,155,Active,,,https://www.redfin.com/VA/Richmond/2221-Perry-St-23225/home/76772381,CVRMLS,2600052,N,Y,37.519001,-77.456301
MLS Listing,,Townhouse,2211 Perry St,Richmond,VA,23225,342000,3,2.5,Hollands Addition,1515,2339,2025,67,226,155,Active,,,https://www.redfin.com/VA/Richmond/2211-Perry-St-23225/home/55429005,CVRMLS,2600049,N,Y,37.5192615,-77.4557937
MLS Listing,,Townhouse,2209 Perry St,Richmond,VA,23225,342000,3,2.5,Hollands Addition,1515,2347,2025,67,226,155,Active,,,https://www.redfin.com/VA/Richmond/2209-Perry-St-23225/home/55429009,CVRMLS,2600009,N,Y,37.519359,-77.455546
MLS Listing,,Condo/Co-op,12220 Marsett Ct #201,Glen Allen,VA,23059,482065,3,2.0,Twin Hickory,1880,,2025,68,256,291,Active,March-14-2026 12:00 PM,March-14-2026 04:00 PM,https://www.redfin.com/VA/Glen-Allen/12220-Marsett-CT-Unknown/unit-201/home/195808325,CVRMLS,2533771,N,Y,37.664161,-77.612914
MLS Listing,,Condo/Co-op,9394 Wind Haven Ct #303,Glen Allen,VA,23060,182700,2,2.0,Laurel Lakes Condo,946,979660,1986,69,193,220,Active,,,https://www.redfin.com/VA/Glen-Allen/9394-Wind-Haven-Ct-23060/unit-303/home/59628005,CVRMLS,2533736,N,Y,37.6460133,-77.5134357
MLS Listing,,Townhouse,10505 Barbara Ln,Henrico,VA,23233,419900,3,2.5,Three Chopt Village,2092,2931,2006,72,201,205,Active,,,https://www.redfin.com/VA/Henrico/10505-Barbara-Ln-23233/home/59603351,CVRMLS,2533535,N,Y,37.6361784,-77.5787105
MLS Listing,,Condo/Co-op,,Richmond,VA,23223,135000,3,1.5,,980,60844,1975,72,138,110,Active,,,https://www.redfin.com/VA/Richmond/Undisclosed-address-23223/home/198647018,CVRMLS,2528924,N,Y,37.5418896,-77.3455658
MLS Listing,,Townhouse,223 Whiteside Rd,Sandston,VA,23150,334500,3,2.5,Parkside Townes,1371,2221,2025,74,244,169,Active,,,https://www.redfin.com/VA/Sandston/223-Whiteside-Rd-23150/home/194909516,CVRMLS,2533228,N,Y,37.5057,-77.2884871
MLS Listing,,Townhouse,2028 Orange Blossom Ln,Sandston,VA,23150,309000,3,2.5,Landmark,1280,2056,2024,76,241,135,Active,,,https://www.redfin.com/VA/Sandston/2028-Orange-Blossom-Ln-23150/home/191438787,CVRMLS,2533615,N,Y,37.516286,-77.284347
MLS Listing,,Townhouse,301 Clerke Dr,Glen Allen,VA,23059,669000,3,3.5,Avington,3160,4791,2008,76,212,200,Active,,,https://www.redfin.com/VA/Glen-Allen/301-Clerke-Dr-23059/home/199423704,CVRMLS,2533222,N,Y,37.6591638,-77.6116413
MLS Listing,,Townhouse,321 Clerke Dr,Glen Allen,VA,23059,549000,3,2.5,Avington,2520,,2011,77,218,250,Active,,,https://www.redfin.com/VA/Glen-Allen/321-Clerke-Dr-23059/home/59606528,CVRMLS,2533608,N,Y,37.6591567,-77.6103602
MLS Listing,,Condo/Co-op,3436 Carlton St Unit 4-1A,Richmond,VA,23230,589885,3,2.5,Mason Yards,2516,,2025,77,234,264,Active,,,https://www.redfin.com/VA/Richmond/3436-Carlton-St-23230/unit-4-1A/home/193674983,CVRMLS,2533559,N,Y,37.5738074,-77.4710968
MLS Listing,,Condo/Co-op,4665 Wistar Creek Dr Unit B,Henrico,VA,23228,416999,3,2.5,Wistar Glen,2452,,2022,78,170,240,Active,,,https://www.redfin.com/VA/Henrico/4665-Wistar-Creek-Dr-23228/unit-B/home/179059065,CVRMLS,2532399,N,Y,37.6217178,-77.5194945
MLS Listing,,Townhouse,3321 Haydenpark Ln,Henrico,VA,23233,944900,3,3.5,Greengate,3033,,2025,81,312,210,Active,,,https://www.redfin.com/VA/Henrico/3321-Haydenpark-Ln-23233/home/113276081,CVRMLS,2533412,N,Y,37.657984,-77.638367
MLS Listing,,Condo/Co-op,2769 Lassen Dr Unit A,Henrico,VA,23294,347900,2,2.5,West Broad Landing,1523,586774,2022,82,228,214,Active,,,https://www.redfin.com/VA/Henrico/2769-Lassen-Dr-23294/unit-A/home/178364294,CVRMLS,2533316,N,Y,37.6149971,-77.5237711
MLS Listing,,Townhouse,239 Greenpark Rd,Sandston,VA,23150,319570,3,2.5,Parkside Townes,1336,,2025,82,239,169,Active,March-14-2026 12:00 PM,March-14-2026 04:00 PM,https://www.redfin.com/VA/Sandston/239-Greenpark-Rd-23150/home/195782573,CVRMLS,2533198,N,Y,37.5136314,-77.2882238
MLS Listing,,Townhouse,254 Greenpark Rd,Sandston,VA,23150,337450,3,2.5,Parkside Townes,1336,,2025,82,253,179,Active,March-14-2026 12:00 PM,March-14-2026 04:00 PM,https://www.redfin.com/VA/Sandston/254-Greenpark-Rd-23150/home/195782535,CVRMLS,2533197,N,Y,37.5136314,-77.2882238
MLS Listing,,Townhouse,244 Greenpark Rd,Sandston,VA,23150,334990,3,2.5,Parkside Townes,1336,,2025,82,251,169,Active,March-14-2026 12:00 PM,March-14-2026 04:00 PM,https://www.redfin.com/VA/Sandston/244-Greenpark-Rd-23150/home/195782528,CVRMLS,2533196,N,Y,37.5136314,-77.2882238
MLS Listing,,Townhouse,246 Greenpark Rd,Sandston,VA,23150,329990,3,2.5,Parkside Townes,1336,,2025,82,247,169,Active,March-14-2026 12:00 PM,March-14-2026 04:00 PM,https://www.redfin.com/VA/Sandston/246-Greenpark-Rd-23150/home/195782532,CVRMLS,2533195,N,Y,37.5136314,-77.2882238
MLS Listing,,Condo/Co-op,2956 Hathaway Rd #903,Richmond,VA,23225,265000,2,2.0,Hathaway Tower Condominiums,1379,1393,1972,87,192,1366,Active,,,https://www.redfin.com/VA/Richmond/2956-Hathaway-Rd-23225/unit-903/home/199619611,CVRMLS,2533050,N,Y,37.5399991,-77.5196177
MLS Listing,,Condo/Co-op,1657 W Broad St Unit U12,Richmond,VA,23220,310000,2,1.0,Richmond,810,,1920,89,383,250,Active,,,https://www.redfin.com/VA/Richmond/1657-W-Broad-St-23220/unit-U12/home/55390868,CVRMLS,2533046,N,Y,37.5550535,-77.4585161
MLS Listing,,Condo/Co-op,1414 W Marshall St Unit U402,Richmond,VA,23220,186000,1,1.0,Eagles Mill Towers Condos,522,479,2006,96,356,241,Active,,,https://www.redfin.com/VA/Richmond/1414-W-Marshall-St-23220/unit-U402/home/55391060,CVRMLS,2532181,N,Y,37.5543892,-77.4537178
MLS Listing,,Condo/Co-op,12102 Oxford Landing Dr #103,Glen Allen,VA,23059,310000,1,1.5,Twin Hickory,1107,,2024,98,280,77,Active,,,https://www.redfin.com/VA/Glen-Allen/12102-Oxford-Landing-Dr-23059/unit-103/home/187018786,CVRMLS,2532008,N,Y,37.663101,-77.6115747
MLS Listing,,Townhouse,12042 Flowering Lavender Loop,Henrico,VA,23233,563950,3,3.5,Shire Walk,2443,,2025,100,231,190,Active,,,https://www.redfin.com/VA/Henrico/12042-Flowering-Lavender-Loop-23233/home/192917323,CVRMLS,2532386,N,Y,37.632031,-77.6131641
MLS Listing,,Condo/Co-op,201 Hull St Unit U44,Richmond,VA,23224,469900,2,1.5,Manchester,1501,1502,1920,103,313,403,Active,,,https://www.redfin.com/VA/Richmond/201-Hull-St-23224/unit-U44/home/55392296,CVRMLS,2532167,N,Y,37.5260209,-77.4366269
MLS Listing,,Townhouse,6047 Blue Iris Rd,Richmond,VA,23224,370240,2,2.5,Creekside Run,1602,1350,2025,104,231,75,Active,,,https://www.redfin.com/VA/Richmond/6047-Blue-Iris-RD-23224/home/199311032,CVRMLS,2532276,N,Y,37.481754,-77.507058
MLS Listing,,Townhouse,7817 Villa Pl,Glen Allen,VA,23059,330000,3,2.5,Cross Point,1388,2800,1998,106,238,149,Active,,,https://www.redfin.com/VA/Glen-Allen/7817-Villa-Pl-23059/home/59618336,CVRMLS,2532128,N,Y,37.6612756,-77.442442
MLS Listing,,Townhouse,1234 Boulder Creek Rd,Richmond,VA,23225,410000,3,2.5,Richmond,2464,2178,2007,108,166,142,Active,,,https://www.redfin.com/VA/Richmond/1234-Boulder-Creek-Rd-23225/home/55390669,BRIGHT MLS,VARC2000790,N,Y,37.517613,-77.5268873
MLS Listing,,Condo/Co-op,1 Destination Dr Unit B,Sandston,VA,23150,272990,3,2.0,Landmark,1102,,2025,108,248,140,Active,,,https://www.redfin.com/VA/Sandston/1-Destination-DR-Unknown/unit-B/home/199242069,CVRMLS,2532060,N,Y,37.516053,-77.28307
MLS Listing,,Condo/Co-op,1041 N Lombardy St Unit A,Richmond,VA,23220,459000,2,2.5,Carver Square,1572,17572,2023,109,292,176,Active,,,https://www.redfin.com/VA/Richmond/1041-N-Lombardy-St-23220/unit-A/home/199223837,CVRMLS,2531987,N,Y,37.5577272,-77.4524646
MLS Listing,,Condo/Co-op,3611 Edna Path Unit A,Richmond,VA,23233,444585,2,2.5,Gayton Village,1573,,2025,111,283,215,Active,March-14-2026 10:00 AM,March-14-2026 04:00 PM,https://www.redfin.com/VA/Richmond/3611-Edna-PATH-23233/unit-A/home/199094457,CVRMLS,2531788,N,Y,37.660514,-77.633751
MLS Listing,,Townhouse,12147 Morning Walk,Henrico,VA,23233,544950,3,3.5,Shire Walk,2075,,2025,112,263,190,Active,,,https://www.redfin.com/VA/Henrico/12147-Morning-Walk-23233/home/194401501,CVRMLS,2531694,N,Y,37.6321763,-77.6129135
MLS Listing,,Condo/Co-op,12109 Oxford Landing Dr #104,Glen Allen,VA,23059,315000,1,1.5,Twin Hickory,1107,144536,2023,114,285,209,Active,,,https://www.redfin.com/VA/Glen-Allen/12109-Oxford-Landing-Dr-23059/unit-104/home/182194636,CVRMLS,2530069,N,Y,37.6624775,-77.6115496
MLS Listing,,Townhouse,4954 Finnegan Ct,Henrico,VA,23228,315000,2,1.5,Shannon Green,1126,1607,2025,115,280,170,Active,,,https://www.redfin.com/VA/Henrico/4954-Finnegan-Ct-23228/home/59635479,CVRMLS,2531409,N,Y,37.6363381,-77.5338731
MLS Listing,,Condo/Co-op,301 Virginia St Unit U714,Richmond,VA,23219,549950,2,2.0,Vistas On The James,1214,1176,2006,116,453,704,Active,,,https://www.redfin.com/VA/Richmond/301-Virginia-St-23219/unit-U714/home/55390547,CVRMLS,2531265,N,Y,37.5327785,-77.4336191
MLS Listing,,Condo/Co-op,3607 Edna Path Unit B,Richmond,VA,23233,439330,3,2.5,Gayton Village,2451,,2025,116,179,215,Active,March-14-2026 10:00 AM,March-14-2026 04:00 PM,https://www.redfin.com/VA/Richmond/3607-Edna-PATH-23233/unit-B/home/199064510,CVRMLS,2531488,N,Y,37.63982391357422,-77.61622619628906
MLS Listing,,Condo/Co-op,5309 Twisting Vine Ln #103,Glen Allen,VA,23059,312760,1,1.5,Twin Hickory,1116,,2025,117,280,291,Active,March-14-2026 12:00 PM,March-14-2026 04:00 PM,https://www.redfin.com/VA/Glen-Allen/5309-Twisting-Vine-Ln-23059/unit-103/home/196961912,CVRMLS,2531119,N,Y,37.663078,-77.610357
MLS Listing,,Condo/Co-op,1414 W Marshall St #409,Richmond,VA,23220,399999,3,3.0,EAGLES MILL TOWERS,1336,,2006,119,299,858,Active,,,https://www.redfin.com/VA/Richmond/1414-W-Marshall-St-23220/unit-409/home/170673327,BRIGHT MLS,VARC2000786,N,Y,37.5543892,-77.4537178
MLS Listing,,Townhouse,802 Catherine St,Richmond,VA,23220,420000,3,2.0,George Washington Carver Est,1188,1738,1994,124,354,,Active,,,https://www.redfin.com/VA/Richmond/802-Catherine-St-23220/home/55417364,CVRMLS,2530451,N,Y,37.552179,-77.4465399
MLS Listing,,Townhouse,2007 Turtle Pkwy,Sandston,VA,23150,314750,3,2.5,Landmark,1280,,2024,125,246,135,Active,,,https://www.redfin.com/VA/Sandston/2007-Turtle-Pkwy-23150/home/190415464,CVRMLS,2530725,N,Y,37.516965,-77.284537
MLS Listing,,Condo/Co-op,3928 Lantern View Pl,Glen Allen,VA,23060,982216,3,2.5,West Broad Village,2710,,2026,130,362,378,Active,,,https://www.redfin.com/VA/Glen-Allen/3928-Lantern-View-Pl-23060/home/198817184,CVRMLS,2530112,N,Y,37.6461351,-77.5955772
MLS Listing,,Townhouse,12111 Morning Walk,Henrico,VA,23233,580097,4,3.5,Shire Walk,2206,,2025,131,263,190,Active,,,https://www.redfin.com/VA/Henrico/12111-Morning-Walk-23233/home/195778380,CVRMLS,2530284,N,Y,37.631706,-77.61242
MLS Listing,,Townhouse,1156 Canterbury Ridge Rd,Richmond,VA,23224,302950,3,2.5,Warwick Woods,1220,2604,2024,133,248,90,Active,,,https://www.redfin.com/VA/Richmond/1156-Canterbury-Ridge-RD-23225/home/190609486,CVRMLS,2528895,N,Y,37.493773,-77.493777
MLS Listing,,Condo/Co-op,1414 W Marshall St Unit U409,Richmond,VA,23220,399999,3,3.0,Eagles Mill Towers Condos,1336,1306,2006,136,299,429,Active,,,https://www.redfin.com/VA/Richmond/1414-W-Marshall-St-23220/unit-U409/home/55391082,CVRMLS,2529865,N,Y,37.5543892,-77.4537178
MLS Listing,,Condo/Co-op,9881 Tuco St Unit B,Glen Allen,VA,23059,399335,3,2.5,Village at Virginia Center Commons,2345,,2025,136,170,233,Active,March-14-2026 10:00 AM,March-14-2026 04:00 PM,https://www.redfin.com/VA/Glen-Allen/9881-Tuco-ST-Unknown/unit-B/home/198783426,CVRMLS,2529870,N,Y,37.67716979980469,-77.45484161376953
MLS Listing,,Condo/Co-op,110 W Marshall St #36,Richmond,VA,23220,340000,2,2.0,Richmond,1170,,1915,136,291,685,Active,,,https://www.redfin.com/VA/Richmond/110-W-Marshall-St-23220/unit-36/home/145115936,CVRMLS,2529487,N,Y,37.5473098,-77.4422498
MLS Listing,,Condo/Co-op,3932 Lantern View Pl,Glen Allen,VA,23060,999469,3,3.5,West Broad Village,2956,,2026,138,338,378,Active,March-15-2026 01:00 PM,March-15-2026 03:00 PM,https://www.redfin.com/VA/Glen-Allen/3932-Lantern-View-Pl-23060/home/198746478,CVRMLS,2529495,N,Y,37.6462903,-77.5955153
MLS Listing,,Condo/Co-op,2713-B Acadia Dr #1312,Henrico,VA,23294,414900,3,2.5,Richmond,2452,,2022,138,169,195,Active,,,https://www.redfin.com/VA/Henrico/2713-Acadia-Dr-23294/unit-1312/home/200489763,BRIGHT MLS,VAHN2001078,N,Y,37.615453,-77.5250064
MLS Listing,,Condo/Co-op,1350 Westwood Ave Unit U307,Richmond,VA,23227,424950,2,2.0,Ginter Place Condos,1753,1755,1954,140,242,658,Active,,,https://www.redfin.com/VA/Richmond/1350-Westwood-Ave-23227/unit-U307/home/55392150,CVRMLS,2528476,N,Y,37.579257,-77.4542418
MLS Listing,,Townhouse,1532 Mechanicsville Tpke,Richmond,VA,23223,359000,3,2.5,Richmond,1500,,2025,140,239,,Active,,,https://www.redfin.com/VA/Richmond/1532-Mechanicsville-Tpke-23223/home/55411108,CVRMLS,2529089,N,Y,37.548264,-77.415218
MLS Listing,,Townhouse,1532 1/2 Mechanicsville Tpke,Richmond,VA,23223,359000,3,2.5,Richmond,1500,8912,2025,140,239,,Active,,,https://www.redfin.com/VA/Richmond/1-1-2-Mechanicsville-Tpke-23223/home/198716192,CVRMLS,2529143,N,Y,37.545629,-77.4162073
MLS Listing,,Townhouse,413 W 7th St,Richmond,VA,23224,897400,4,4.5,Manchester,3100,,2025,145,289,210,Active,,,https://www.redfin.com/VA/Richmond/413-W-7th-St-23224/home/182444941,CVRMLS,2528819,N,Y,37.527175,-77.4436102
MLS Listing,,Condo/Co-op,2110 Destination Dr Unit A,Sandston,VA,23150,249990,2,2.0,Landmark,931,,2025,151,269,140,Active,,,https://www.redfin.com/VA/Sandston/2110-Destination-DR-Unknown/unit-A/home/198536470,CVRMLS,2528468,N,Y,37.516053,-77.28307
MLS Listing,,Condo/Co-op,12109 Oxford Landing Dr #102,Glen Allen,VA,23059,350000,2,2.0,Twin Hickory,1319,,2023,153,265,209,Active,,,https://www.redfin.com/VA/Glen-Allen/12109-Oxford-Landing-Dr-23059/unit-102/home/182194272,CVRMLS,2527233,N,Y,37.6624775,-77.6115496
MLS Listing,,Townhouse,6507 Topsail Pt,North Chesterfield,VA,23234,338990,3,2.5,Watermark,1474,,2026,156,230,205,Active,,,https://www.redfin.com/VA/North-Chesterfield/6507-Topsail-Pt-23234/home/190874893,CVRMLS,2527799,N,Y,37.4221325,-77.5089856
MLS Listing,,Townhouse,6525 Topsail Pt,North Chesterfield,VA,23234,347990,3,2.5,Watermark,1474,,2026,156,236,205,Active,,,https://www.redfin.com/VA/North-Chesterfield/6525-Topsail-Pt-23234/home/190874890,CVRMLS,2527795,N,Y,37.421966,-77.509053
MLS Listing,,Townhouse,6531 Topsail Pt,North Chesterfield,VA,23234,339990,3,2.5,Watermark,1474,,2026,156,231,205,Active,,,https://www.redfin.com/VA/North-Chesterfield/6531-Topsail-Pt-23234/home/190874889,CVRMLS,2527791,N,Y,37.421901,-77.509108
MLS Listing,,Townhouse,6513 Topsail Pt,North Chesterfield,VA,23234,344990,3,2.5,Watermark,1474,,2026,156,234,205,Active,,,https://www.redfin.com/VA/North-Chesterfield/6513-Topsail-Pt-23234/home/190874892,CVRMLS,2527798,N,Y,37.422077,-77.509051
MLS Listing,,Townhouse,6543 Topsail Pt,North Chesterfield,VA,23234,340990,3,2.5,Watermark,1474,,2026,156,231,205,Active,,,https://www.redfin.com/VA/North-Chesterfield/6543-Topsail-Pt-23234/home/190874887,CVRMLS,2527789,N,Y,37.421807,-77.509065
MLS Listing,,Townhouse,225 S Stafford Ave,Richmond,VA,23220,795000,3,3.5,Parkline Townhomes,2007,914,2026,158,396,51,Active,,,https://www.redfin.com/VA/Richmond/225-S-Stafford-Ave-23220/home/198407352,CVRMLS,2527750,N,Y,37.5484627,-77.4721884
MLS Listing,,Townhouse,119 E 6th St,Richmond,VA,23224,533000,3,3.5,Manchester Square,1899,,2025,176,281,61,Active,,,https://www.redfin.com/VA/Richmond/119-E-6th-St-23224/home/197964134,CVRMLS,2524729,N,Y,37.5223543,-77.437637
MLS Listing,,Condo/Co-op,2006 Libbie Lake West St Unit B,Richmond,VA,23230,599950,3,2.5,Libbie Mill Townhomes,2343,55769,2020,179,256,335,Active,,,https://www.redfin.com/VA/Richmond/2006-Libbie-Lake-West-St-23230/unit-B/home/175019919,CVRMLS,2524768,N,Y,37.58942,-77.498253
MLS Listing,,Townhouse,1621 Pulaski St,Richmond,VA,23222,429900,3,2.5,Chestnut Flats,1778,3049,2024,187,242,100,Active,,,https://www.redfin.com/VA/Richmond/1621-Pulaski-St-23222/home/197638436,CVRMLS,2524053,N,Y,37.5646024,-77.4172055
MLS Listing,,Townhouse,4506 1/2 Grove Ave,Richmond,VA,23221,695000,3,3.5,Richmond,2131,871,2024,235,326,70,Active,,,https://www.redfin.com/VA/Richmond/4506-1-2-Grove-Ave-23221/home/189922543,CVRMLS,2507807,N,Y,37.564827,-77.498009
MLS Listing,,Condo/Co-op,5329 Old Main St Unit A,Henrico,VA,23231,359950,2,2.5,Village Of Rocketts Landing,1507,71860,2018,244,239,449,Active,,,https://www.redfin.com/VA/Henrico/5329-Old-Main-St-23231/unit-A/home/160834812,CVRMLS,2519192,N,Y,37.510926,-77.415325
MLS Listing,,Townhouse,113 E 6th St,Richmond,VA,23224,533000,3,3.5,Manchester Square,1899,,2025,274,281,61,Active,,,https://www.redfin.com/VA/Richmond/113-E-6th-St-23224/home/196022861,CVRMLS,2516057,N,Y,37.5223592,-77.4376423
MLS Listing,,Townhouse,6303 Belay Dr,North Chesterfield,VA,23234,344990,3,2.5,Watermark,1474,2265,2025,277,234,205,Active,,,https://www.redfin.com/VA/North-Chesterfield/6303-Belay-Dr-23234/home/190874881,CVRMLS,2515145,N,Y,37.4225435,-77.5091294
MLS Listing,,Townhouse,425 W 7th St,Richmond,VA,23224,966500,4,4.5,Manchester,3100,,2025,283,312,210,Active,March-12-2026 01:00 PM,March-12-2026 03:00 PM,https://www.redfin.com/VA/Richmond/425-W-7th-St-23224/home/184036390,CVRMLS,2515159,N,Y,37.5271543,-77.4435817
MLS Listing,,Townhouse,4125 Ambergrove Ave,North Chesterfield,VA,23236,514476,3,2.0,Amberleigh,1730,4112,2025,318,297,250,Active,,,https://www.redfin.com/VA/North-Chesterfield/4125-Ambergrove-Ave-23236/home/176333964,CVRMLS,2511442,N,Y,37.447044,-77.5742446
MLS Listing,,Townhouse,4121 Ambergrove Ave,North Chesterfield,VA,23236,616920,3,2.0,Amberleigh,1840,4255,2025,318,335,250,Active,,,https://www.redfin.com/VA/North-Chesterfield/4121-Ambergrove-Ave-23236/home/176333960,CVRMLS,2511391,N,Y,37.4472188,-77.5743616
MLS Listing,,Condo/Co-op,1900 E Roseneath Rd Unit 4B,Richmond,VA,23230,472500,2,2.5,Mason Yards,1517,,2023,319,311,249,Active,,,https://www.redfin.com/VA/Richmond/1900-Roseneath-Rd-23230/unit-4B/home/184472101,CVRMLS,2511211,N,Y,37.5728417,-77.4702196
MLS Listing,,Townhouse,909 Scott Ter,Richmond,VA,23227,384990,3,2.5,Glens at Scott Place,1474,2003,2026,321,261,137,Active,,,https://www.redfin.com/VA/Richmond/909-Scott-Rd-23227/home/195479175,CVRMLS,2510315,N,Y,37.6398655,-77.4527027
MLS Listing,,Townhouse,907 Scott Ter,Richmond,VA,23227,409990,3,2.5,Glens at Scott Place,1763,3310,2026,321,233,125,Active,,,https://www.redfin.com/VA/Richmond/907-Scott-Rd-23227/home/195479174,CVRMLS,2510310,N,Y,37.6398759,-77.4526819
MLS Listing,,Townhouse,917 Scott Ter,Richmond,VA,23227,403990,3,2.5,Glens at Scott Place,1763,3310,2026,321,229,137,Active,,,https://www.redfin.com/VA/Richmond/917-Scott-Rd-23227/home/195479173,CVRMLS,2510314,N,Y,37.6398239,-77.452786
MLS Listing,,Townhouse,915 Scott Ter,Richmond,VA,23227,379990,3,2.5,Glens at Scott Place,1474,2003,2026,321,258,137,Active,,,https://www.redfin.com/VA/Richmond/915-Scott-Rd-23227/home/195479072,CVRMLS,2510317,N,Y,37.6400106,-77.4527286
MLS Listing,,Townhouse,911 Scott Ter,Richmond,VA,23227,382990,3,2.5,Glens at Scott Place,1474,2003,2026,321,260,137,Active,,,https://www.redfin.com/VA/Richmond/911-Scott-Rd-23227/home/195479071,CVRMLS,2510319,N,Y,37.6398551,-77.4527235
MLS Listing,,Townhouse,913 Scott Ter,Richmond,VA,23227,377990,3,2.5,Glens at Scott Place,1474,2003,2026,321,256,137,Active,,,https://www.redfin.com/VA/Richmond/913-Scott-Rd-23227/home/195479056,CVRMLS,2510320,N,Y,37.6398447,-77.4527444
MLS Listing,,Condo/Co-op,3510 E Richmond Rd Unit U3,Richmond,VA,23223,127995,2,1.0,Villas Of Oakwood South,822,740,1966,334,156,100,Active,,,https://www.redfin.com/VA/Richmond/3510-E-Richmond-Rd-23223/unit-U3/home/55390159,CVRMLS,2509442,N,Y,37.5323019,-77.3946959
MLS Listing,,Townhouse,4508 Grove Ave,Richmond,VA,23221,695000,3,3.5,Richmond,2131,,2024,348,326,70,Active,,,https://www.redfin.com/VA/Richmond/4508-Grove-Ave-23221/home/190534766,CVRMLS,2507705,N,Y,37.5651615,-77.498257
MLS Listing,,Townhouse,927 Scott Ter,Richmond,VA,23227,389990,3,2.5,Glens at Scott Place,1763,3310,2025,353,221,137,Active,,,https://www.redfin.com/VA/Richmond/927-Scott-Rd-23227/home/195112869,CVRMLS,2507171,N,Y,37.6397718,-77.4528904
MLS Listing,,Condo/Co-op,12300 Garnet Parke Cir,Short Pump,VA,23059,869900,3,2.5,Sweetspire,2677,,2025,364,325,225,Active,March-14-2026 01:00 PM,March-14-2026 03:00 PM,https://www.redfin.com/VA/Short-Pump/12300-Alden-Parke-Cir-23059/home/194675699,CVRMLS,2505401,N,Y,37.6727294921875,-77.61927795410156
MLS Listing,,Townhouse,8312 Scott Pl,Richmond,VA,23227,349990,3,2.5,Glens at Scott Place,1474,2003,2025,441,237,137,Active,,,https://www.redfin.com/VA/Richmond/8312-Scott-Pl-23227/home/194019050,CVRMLS,2432352,N,Y,37.6372351,-77.454142
MLS Listing,,Townhouse,8309 Scott Pl,Richmond,VA,23227,348990,2,2.5,Glens at Scott Place,1474,2003,2025,473,237,137,Active,,,https://www.redfin.com/VA/Richmond/8309-Scott-Pl-23227/home/193368296,CVRMLS,2430214,N,Y,37.6372351,-77.454142
MLS Listing,,Townhouse,4020 Ambergrove Ave,North Chesterfield,VA,23236,544360,3,2.5,Amberleigh,1914,4356,2022,923,284,250,Active,,,https://www.redfin.com/VA/North-Chesterfield/4020-Ambergrove-Ave-23236/home/176333981,CVRMLS,2321080,N,Y,37.4480637,-77.5742936
MLS Listing,,Townhouse,TBD Ambergrove Ave,Chesterfield,VA,23236,499100,2,2.0,Amberleigh,1650,4356,2025,1026,302,250,Active,,,https://www.redfin.com/VA/Unknown/TBD-Ambergrove-Ave-23236/home/190996651,CVRMLS,2312065,N,Y,37.447636,-77.573858
New Construction Home,,Condo/Co-op,3406 Carlton St Unit 2-10B,Richmond,VA,23230,479105,3,2.5,Richmond,1517,,2026,21,316,,Active,,,https://www.redfin.com/VA/Richmond/3406-Carlton-St-23230/unit-2-10B/home/200523170,Zillow,43344AFAAE05,N,Y,37.573454,-77.470757
New Construction Home,,Townhouse,6111 Primrose Path Rd,Richmond,VA,23224,402790,3,3.0,Richmond,1951,,2026,21,206,,Active,,,https://www.redfin.com/VA/Richmond/6111-Primrose-Path-Rd-23225/home/200521896,Zillow,7D4A6B844024,N,Y,37.49904251098633,-77.46495819091797
New Construction Home,,Townhouse,6039 Blue Iris Rd,Richmond,VA,23224,371240,2,2.5,Richmond,1617,,2026,21,230,,Active,,,https://www.redfin.com/VA/Richmond/6039-Blue-Iris-Rd-23225/home/200521820,Zillow,FA4299088D05,N,Y,37.49904251098633,-77.46495819091797
New Construction Home,,Townhouse,6109 Primrose Path Rd,Richmond,VA,23224,386090,3,3.0,Richmond,1951,,2026,21,198,,Active,,,https://www.redfin.com/VA/Richmond/6109-Primrose-Path-Rd-23225/home/200521802,Zillow,34772495E90E,N,Y,37.49904251098633,-77.46495819091797
New Construction Home,,Townhouse,6035 Blue Iris Rd,Richmond,VA,23224,391640,3,3.0,Richmond,1602,,2026,26,244,,Active,,,https://www.redfin.com/VA/Richmond/6035-Blue-Iris-Rd-23225/home/199998632,Zillow,E662446DEFE2,N,Y,37.49904251098633,-77.46495819091797
New Construction Home,,Townhouse,6113 Primrose Path Rd,Richmond,VA,23224,404090,3,3.0,Richmond,1951,,2025,72,207,,Active,,,https://www.redfin.com/VA/Richmond/6113-Primrose-Pl-23225/home/199306286,Zillow,7824A2DE2FB5,N,Y,37.5163628,-77.5136452
New Construction Home,,Townhouse,909 Scott Ter,Richmond,VA,23227,384990,3,2.5,Richmond,1474,,2025,89,261,137,Active,,,https://www.redfin.com/VA/Richmond/909-Scott-St-23231/home/195783045,Zillow,313DE41DDC42,N,Y,37.64019775390625,-77.45272064208984
New Construction Home,,Townhouse,907 Scott Ter,Richmond,VA,23227,409990,3,2.5,Richmond,1763,,2025,89,233,137,Active,,,https://www.redfin.com/VA/Richmond/907-Scott-St-23231/home/195784083,Zillow,6A04CF6E3F83,N,Y,37.64020919799805,-77.45269012451172
New Construction Home,,Townhouse,915 Scott Ter,Richmond,VA,23227,379990,3,2.5,Richmond,1474,,2025,89,258,137,Active,,,https://www.redfin.com/VA/Richmond/915-Scott-St-23231/home/195784081,Zillow,C3892299D371,N,Y,37.64015579223633,-77.45280456542969
New Construction Home,,Townhouse,917 Scott Ter,Richmond,VA,23227,403990,3,2.5,Richmond,1763,,2025,89,229,137,Active,,,https://www.redfin.com/VA/Richmond/917-Scott-St-23231/home/195783904,Zillow,110E49593CB9,N,Y,37.640140533447266,-77.45283508300781
New Construction Home,,Townhouse,911 Scott Ter,Richmond,VA,23227,382990,3,2.5,Richmond,1485,,2025,89,258,137,Active,,,https://www.redfin.com/VA/Richmond/911-Scott-St-23231/home/195781804,Zillow,23CEFD873214,N,Y,37.64018249511719,-77.45274353027344
New Construction Home,,Townhouse,913 Scott Ter,Richmond,VA,23227,377990,3,2.5,Richmond,1474,,2025,89,256,137,Active,,,https://www.redfin.com/VA/Richmond/913-Scott-TER-23227/home/195783046,Zillow,112678261BB3,N,Y,37.640167236328125,-77.45277404785156
New Construction Home,,Condo/Co-op,8025 Lake Laurel Lane Gln,Allen,VA,23060,394990,3,2.5,Allen,2617,,2025,187,151,,Active,,,https://www.redfin.com/VA/Allen/8025-Lake-Laurel-Lane-GLN-23060/home/197619110,Zillow,7B91C2D90D9D,N,Y,37.66033172607422,-77.53309631347656
New Construction Home,,Townhouse,927 Scott Ter,Richmond,VA,23227,389990,3,2.5,Richmond,1763,,2025,350,221,137,Active,,,https://www.redfin.com/VA/Richmond/927-Scott-St-23231/home/195783909,Zillow,94535F1FFE2C,N,Y,37.64006805419922,-77.4529800415039
New Construction Home,,Townhouse,401 W 7th St,Richmond,VA,23224,949000,3,3.5,Richmond,3100,,2024,506,306,,Active,,,https://www.redfin.com/VA/Richmond/401-W-7th-St-23224/home/191348013,Zillow,FCBADCB67CB7,N,Y,37.5270548,-77.4434816
New Construction Plan,,Townhouse,Harper Plan,Glen Allen,VA,23059,351950,3,3.5,Glen Allen,1482,,,2,237,,Active,,,https://www.redfin.com/VA/Glen-Allen/Glen-Allen/Harper/home/200790520,Zillow,6471502A7061,N,Y,37.66453552246094,-77.45217895507812
New Construction Plan,,Townhouse,Haywood Plan,Glen Allen,VA,23059,371950,3,2.5,Glen Allen,1540,,,2,242,,Active,,,https://www.redfin.com/VA/Glen-Allen/Glen-Allen/Haywood/home/200790519,Zillow,39A7A9187D22,N,Y,37.66453552246094,-77.45217895507812
New Construction Plan,,Townhouse,Amherst Plan,Glen Allen,VA,23059,371950,3,2.5,Glen Allen,1540,,,2,242,,Active,,,https://www.redfin.com/VA/Glen-Allen/Glen-Allen/Amherst/home/200790518,Zillow,0560F99B573A,N,Y,37.66453552246094,-77.45217895507812
New Construction Plan,,Condo/Co-op,Picasso Plan,Glen Allen,VA,23060,399990,3,2.5,Allen,2617,,,6,153,,Active,,,https://www.redfin.com/VA/Glen-Allen/Allen/Picasso/home/195616886,Zillow,0D07218303C3,N,Y,37.645355224609375,-77.5151596069336
New Construction Plan,,Townhouse,Arcadia Rear Load Plan,Richmond,VA,23224,369990,3,2.5,Richmond,1951,,,21,190,,Active,,,https://www.redfin.com/VA/Richmond/Richmond/Arcadia-Rear-Load/home/200522015,Zillow,B144AFD2EB74,N,Y,37.481998443603516,-77.50650024414062
New Construction Plan,,Townhouse,Devonshire Plan,Richmond,VA,23224,344990,2,2.5,Richmond,1602,,,21,215,,Active,,,https://www.redfin.com/VA/Richmond/Richmond/Devonshire/home/200521856,Zillow,052D89AB261D,N,Y,37.481998443603516,-77.50650024414062
New Construction Plan,,Townhouse,Carrington Plan,Richmond,VA,23234,379990,2,2.5,Richmond,1794,,,33,212,205,Active,,,https://www.redfin.com/VA/Richmond/Richmond/Carrington/home/200342220,Zillow,A73D10256205,N,Y,37.42213,-77.50647
New Construction Plan,,Condo/Co-op,Donovan Plan,Glen Allen,VA,23059,389950,3,3.5,Glen Allen,1573,,,45,248,,Active,,,https://www.redfin.com/VA/Glen-Allen/Glen-Allen/Donovan/home/200172731,Zillow,30C933E110F8,N,Y,37.6632561,-77.6116399
New Construction Plan,,Condo/Co-op,Bristol 1 Comfort Plan,Allen,VA,23059,380950,2,2.0,Allen,1287,,,54,296,,Active,,,https://www.redfin.com/VA/Allen/Allen/Bristol-1-Comfort/home/200036655,Zillow,5DA23DC647A7,N,Y,37.6632561,-77.6116399
New Construction Plan,,Townhouse,Beethoven Plan,Sandston,VA,23150,319990,3,2.5,Sandston,1280,,,62,250,,Active,,,https://www.redfin.com/VA/Sandston/Sandston/Beethoven/home/199948231,Zillow,651B9AAD5C2C,N,Y,37.513647,-77.280727
New Construction Plan,,Condo/Co-op,Nottingham Plan,Glen Allen,VA,23059,464950,3,2.5,Allen,1910,,,89,243,,Active,,,https://www.redfin.com/VA/Glen-Allen/Allen/Nottingham/home/190754716,Zillow,93CD9D279F2E,N,Y,37.6631785,-77.6112467
New Construction Plan,,Condo/Co-op,Cambridge Plan,Glen Allen,VA,23059,456950,3,2.5,Allen,2207,,,89,207,,Active,,,https://www.redfin.com/VA/Glen-Allen/Allen/Cambridge/home/189984800,Zillow,30F0DDB4B7C9,N,Y,37.6631785,-77.6112467
